LID,Local Government Area,Postcode,Suburb/Town Name
0,Alpine,3691,Dederang
1,Alpine,3691,Glen Creek
2,Alpine,3691,Kancoona
3,Alpine,3691,Kergunyah South
4,Alpine,3691,Mongans Bridge
5,Alpine,3691,Running Creek
6,Alpine,3697,Tawonga
7,Alpine,3698,Tawonga South
8,Alpine,3699,Mount Beauty
9,Alpine,3737,Barwidgee
10,Alpine,3737,Buffalo River
11,Alpine,3737,Gapsted
12,Alpine,3737,Merriang South
13,Alpine,3737,Myrtleford
14,Alpine,3738,Ovens
15,Alpine,3739,Eurobin
16,Alpine,3740,Buckland
17,Alpine,3740,Mount Buffalo
18,Alpine,3740,Porepunkah
19,Alpine,3741,Bright
20,Alpine,3741,Freeburgh
21,Alpine,3741,Harrietville
22,Alpine,3741,Smoko
23,Alpine,3744,Wandiligong
24,Ararat,3351,Lake Bolac
25,Ararat,3351,Nerrin Nerrin
26,Ararat,3351,Streatham
27,Ararat,3351,Westmere
28,Ararat,3375,Buangor
29,Ararat,3377,Ararat
30,Ararat,3377,Armstrong
31,Ararat,3377,Cathcart
32,Ararat,3377,Dobie
33,Ararat,3377,Langi Logan
34,Ararat,3377,Maroona
35,Ararat,3377,Moyston
36,Ararat,3377,Rhymney
37,Ararat,3377,Rossbridge
38,Ararat,3377,Warrak
39,Ararat,3379,Mafeking
40,Ararat,3379,Wickliffe
41,Ararat,3379,Willaura
42,Ararat,3379,Willaura North
43,Ararat,3381,Pomonal
44,Ararat,3469,Elmhurst
45,Ballarat,3350,Alfredton
46,Ballarat,3350,Bakery Hill
47,Ballarat,3350,Ballarat Central
48,Ballarat,3350,Ballarat East
49,Ballarat,3350,Ballarat North
50,Ballarat,3350,Black Hill
51,Ballarat,3350,Brown Hill
52,Ballarat,3350,Canadian
53,Ballarat,3350,Eureka
54,Ballarat,3350,Golden Point
55,Ballarat,3350,Invermay Park
56,Ballarat,3350,Lake Wendouree
57,Ballarat,3350,Lucas
58,Ballarat,3350,Mount Clear
59,Ballarat,3350,Mount Helen
60,Ballarat,3350,Mount Pleasant
61,Ballarat,3350,Nerrina
62,Ballarat,3350,Newington
63,Ballarat,3350,Redan
64,Ballarat,3350,Soldiers Hill
65,Ballarat,3351,Smythes Creek
66,Ballarat,3352,Addington
67,Ballarat,3352,Blowhard
68,Ballarat,3352,Bonshaw
69,Ballarat,3352,Bunkers Hill
70,Ballarat,3352,Burrumbeet
71,Ballarat,3352,Cardigan
72,Ballarat,3352,Cardigan Village
73,Ballarat,3352,Durham Lead
74,Ballarat,3352,Ercildoune
75,Ballarat,3352,Glen Park
76,Ballarat,3352,Invermay
77,Ballarat,3352,Learmonth
78,Ballarat,3352,Magpie
79,Ballarat,3352,Miners Rest
80,Ballarat,3352,Mount Rowan
81,Ballarat,3352,Scotchmans Lead
82,Ballarat,3352,Scotsburn
83,Ballarat,3352,Sulky
84,Ballarat,3352,Warrenheip
85,Ballarat,3352,Weatherboard
86,Ballarat,3352,Windermere
87,Ballarat,3355,Lake Gardens
88,Ballarat,3355,Mitchell Park
89,Ballarat,3355,Wendouree
90,Ballarat,3356,Delacombe
91,Ballarat,3356,Sebastopol
92,Ballarat,3357,Buninyong
93,Ballarat,3358,Winter Valley
94,Ballarat,3363,Tourello
95,Ballarat,3364,Ascot
96,Ballarat,3364,Bald Hills
97,Ballarat,3364,Coghills Creek
98,Ballarat,3364,Glendonald
99,Banyule,3079,Ivanhoe
100,Banyule,3079,Ivanhoe East
101,Banyule,3081,Bellfield
102,Banyule,3081,Heidelberg Heights
103,Banyule,3081,Heidelberg West
104,Banyule,3083,Bundoora
105,Banyule,3084,Eaglemont
106,Banyule,3084,Heidelberg
107,Banyule,3084,Ivanhoe East
108,Banyule,3084,Rosanna
109,Banyule,3084,Viewbank
110,Banyule,3085,Macleod
111,Banyule,3085,Yallambie
112,Banyule,3087,Watsonia
113,Banyule,3087,Watsonia North
114,Banyule,3088,Briar Hill
115,Banyule,3088,Greensborough
116,Banyule,3088,St Helena
117,Banyule,3093,Lower Plenty
118,Banyule,3094,Montmorency
119,Banyule,3095,Eltham North
120,Bass Coast,3922,Cowes
121,Bass Coast,3922,Silverleaves
122,Bass Coast,3922,Smiths Beach
123,Bass Coast,3922,Summerlands
124,Bass Coast,3922,Sunderland Bay
125,Bass Coast,3922,Sunset Strip
126,Bass Coast,3922,Surf Beach
127,Bass Coast,3922,Ventnor
128,Bass Coast,3922,Wimbledon Heights
129,Bass Coast,3923,Rhyll
130,Bass Coast,3925,Cape Woolamai
131,Bass Coast,3925,Newhaven
132,Bass Coast,3925,San Remo
133,Bass Coast,3945,Krowera
134,Bass Coast,3945,Loch
135,Bass Coast,3945,Woodleigh
136,Bass Coast,3951,Kongwak
137,Bass Coast,3979,Almurta
138,Bass Coast,3979,Glen Alvie
139,Bass Coast,3979,Kernot
140,Bass Coast,3984,Adams Estate
141,Bass Coast,3984,Corinella
142,Bass Coast,3984,Coronet Bay
143,Bass Coast,3984,Grantville
144,Bass Coast,3984,Jam Jerrup
145,Bass Coast,3984,Lang Lang
146,Bass Coast,3984,Pioneer Bay
147,Bass Coast,3984,The Gurdies
148,Bass Coast,3990,Glen Forbes
149,Bass Coast,3991,Bass
150,Bass Coast,3992,Dalyston
151,Bass Coast,3992,Ryanston
152,Bass Coast,3992,West Creek
153,Bass Coast,3995,Archies Creek
154,Bass Coast,3995,Cape Paterson
155,Bass Coast,3995,Harmers Haven
156,Bass Coast,3995,Kilcunda
157,Bass Coast,3995,Lance Creek
158,Bass Coast,3995,North Wonthaggi
159,Bass Coast,3995,South Dudley
160,Bass Coast,3995,St Clair
161,Bass Coast,3995,Wattle Bank
162,Bass Coast,3995,Wonthaggi
163,Bass Coast,3995,Woolamai
164,Bass Coast,3996,Inverloch
165,Bass Coast,3996,Pound Creek
166,Baw Baw,3816,Labertouche
167,Baw Baw,3816,Longwarry
168,Baw Baw,3816,Longwarry North
169,Baw Baw,3816,Modella
170,Baw Baw,3818,Athlone
171,Baw Baw,3818,Drouin
172,Baw Baw,3818,Drouin East
173,Baw Baw,3818,Drouin South
174,Baw Baw,3818,Drouin West
175,Baw Baw,3818,Hallora
176,Baw Baw,3818,Jindivick
177,Baw Baw,3818,Ripplebrook
178,Baw Baw,3820,Bona Vista
179,Baw Baw,3820,Warragul
180,Baw Baw,3821,Brandy Creek
181,Baw Baw,3821,Bravington
182,Baw Baw,3821,Buln Buln
183,Baw Baw,3821,Buln Buln East
184,Baw Baw,3821,Crossover
185,Baw Baw,3821,Ferndale
186,Baw Baw,3821,Lardner
187,Baw Baw,3821,Nilma
188,Baw Baw,3821,Nilma North
189,Baw Baw,3821,Rokeby
190,Baw Baw,3821,Shady Creek
191,Baw Baw,3821,Tetoora Road
192,Baw Baw,3821,Torwood
193,Baw Baw,3821,Warragul South
194,Baw Baw,3821,Warragul West
195,Baw Baw,3822,Cloverlea
196,Baw Baw,3822,Darnum
197,Baw Baw,3823,Allambee
198,Baw Baw,3823,Yarragon
199,Baw Baw,3823,Yarragon South
200,Baw Baw,3824,Childers
201,Baw Baw,3824,Narracan
202,Baw Baw,3824,Thorpdale South
203,Baw Baw,3824,Trafalgar
204,Baw Baw,3824,Trafalgar East
205,Baw Baw,3824,Trafalgar South
206,Baw Baw,3825,Coalville
207,Baw Baw,3825,Erica
208,Baw Baw,3825,Fumina
209,Baw Baw,3825,Hill End
210,Baw Baw,3825,Moondarra
211,Baw Baw,3825,Rawson
212,Baw Baw,3825,Tanjil South
213,Baw Baw,3825,Walhalla
214,Baw Baw,3825,Westbury
215,Baw Baw,3825,Willow Grove
216,Baw Baw,3825,Yallourn North
217,Baw Baw,3831,Neerim
218,Baw Baw,3831,Neerim East
219,Baw Baw,3831,Neerim South
220,Baw Baw,3832,Nayook
221,Baw Baw,3833,Gentle Annie
222,Baw Baw,3833,Icy Creek
223,Baw Baw,3833,Loch Valley
224,Baw Baw,3833,Noojee
225,Baw Baw,3833,Piedmont
226,Baw Baw,3833,Vesper
227,Baw Baw,3835,Thorpdale
228,Baw Baw,3856,Toongabbie
229,Baw Baw,3871,Allambee Reserve
230,Baw Baw,3953,Trida
231,Baw Baw,3981,Heath Hill
232,Baw Baw,3988,Poowong East
233,Bayside,3186,Brighton
234,Bayside,3187,Brighton East
235,Bayside,3188,Brighton East
236,Bayside,3188,Hampton
237,Bayside,3188,Hampton East
238,Bayside,3190,Highett
239,Bayside,3191,Sandringham
240,Bayside,3192,Beaumaris
241,Bayside,3192,Cheltenham
242,Bayside,3192,Highett
243,Bayside,3193,Beaumaris
244,Bayside,3193,Black Rock
245,Benalla,3670,Baddaginnie
246,Benalla,3670,Tarnook
247,Benalla,3670,Warrenbayne
248,Benalla,3672,Benalla
249,Benalla,3673,Broken Creek
250,Benalla,3673,Goomalibee
251,Benalla,3673,Lima
252,Benalla,3673,Lima East
253,Benalla,3673,Lima South
254,Benalla,3673,Lurg
255,Benalla,3673,Molyullah
256,Benalla,3673,Moorngag
257,Benalla,3673,Swanpool
258,Benalla,3673,Tatong
259,Benalla,3673,Upper Lurg
260,Benalla,3673,Upper Ryans Creek
261,Benalla,3673,Winton
262,Benalla,3675,Glenrowan West
263,Benalla,3675,Taminick
264,Benalla,3723,Archerton
265,Benalla,3723,Bridge Creek
266,Benalla,3725,Chesney Vale
267,Benalla,3725,Goorambat
268,Benalla,3725,Stewarton
269,Benalla,3726,Bungeet West
270,Benalla,3726,Devenish
271,Benalla,3726,Thoona
272,Boroondara,3101,Kew
273,Boroondara,3102,Kew East
274,Boroondara,3103,Balwyn
275,Boroondara,3103,Canterbury
276,Boroondara,3103,Deepdene
277,Boroondara,3104,Balwyn North
278,Boroondara,3122,Hawthorn
279,Boroondara,3123,Hawthorn East
280,Boroondara,3124,Camberwell
281,Boroondara,3126,Canterbury
282,Boroondara,3127,Mont Albert
283,Boroondara,3127,Surrey Hills
284,Boroondara,3146,Glen Iris
285,Boroondara,3147,Ashburton
286,Brimbank,3012,Brooklyn
287,Brimbank,3020,Albion
288,Brimbank,3020,Sunshine
289,Brimbank,3020,Sunshine North
290,Brimbank,3020,Sunshine West
291,Brimbank,3021,Albanvale
292,Brimbank,3021,Kealba
293,Brimbank,3021,Kings Park
294,Brimbank,3021,St Albans
295,Brimbank,3022,Ardeer
296,Brimbank,3023,Cairnlea
297,Brimbank,3023,Deer Park
298,Brimbank,3026,Derrimut
299,Brimbank,3033,Keilor East
300,Brimbank,3036,Keilor
301,Brimbank,3036,Keilor North
302,Brimbank,3037,Calder Park
303,Brimbank,3037,Delahey
304,Brimbank,3037,Hillside
305,Brimbank,3037,Sydenham
306,Brimbank,3038,Keilor Downs
307,Brimbank,3038,Keilor Lodge
308,Brimbank,3038,Taylors Lakes
309,Brimbank,3042,Keilor Park
310,Brimbank,3043,Tullamarine
311,Buloke,3395,Reedy Dam
312,Buloke,3477,Coonooer Bridge
313,Buloke,3480,Corack East
314,Buloke,3480,Donald
315,Buloke,3480,Gil Gil
316,Buloke,3480,Jeffcott North
317,Buloke,3480,Laen North
318,Buloke,3482,Watchem
319,Buloke,3483,Birchip
320,Buloke,3483,Birchip West
321,Buloke,3483,Kinnabulla
322,Buloke,3483,Narraport
323,Buloke,3485,Banyan
324,Buloke,3485,Willangie
325,Buloke,3518,Woosang
326,Buloke,3525,Charlton
327,Buloke,3525,Nareewillock
328,Buloke,3525,Yeungroon East
329,Buloke,3527,Dumosa
330,Buloke,3527,Glenloth East
331,Buloke,3527,Wycheproof
332,Buloke,3529,Nullawil
333,Buloke,3530,Culgoa
334,Buloke,3531,Berriwillock
335,Buloke,3533,Myall
336,Buloke,3533,Nandaly
337,Buloke,3533,Sea Lake
338,Buloke,3533,Tyrrell Downs
339,Campaspe,3523,Redcastle
340,Campaspe,3551,Cornella
341,Campaspe,3551,Creek View
342,Campaspe,3551,Myola
343,Campaspe,3551,Toolleen
344,Campaspe,3557,Muskerry
345,Campaspe,3558,Burnewang
346,Campaspe,3558,Runnymede
347,Campaspe,3559,Burramboot
348,Campaspe,3559,Colbinabbin
349,Campaspe,3559,Corop
350,Campaspe,3559,Gobarup
351,Campaspe,3561,Ballendella
352,Campaspe,3561,Bamawm
353,Campaspe,3561,Bonn
354,Campaspe,3561,Fairy Dell
355,Campaspe,3561,Nanneella
356,Campaspe,3561,Rochester
357,Campaspe,3561,Timmering
358,Campaspe,3562,Torrumbarry
359,Campaspe,3563,Lockington
360,Campaspe,3564,Bamawm Extension
361,Campaspe,3564,Echuca
362,Campaspe,3564,Echuca Village
363,Campaspe,3564,Echuca West
364,Campaspe,3564,Kanyapella
365,Campaspe,3564,Patho
366,Campaspe,3564,Roslynmead
367,Campaspe,3564,Wharparilla
368,Campaspe,3565,Kotta
369,Campaspe,3566,Gunbower
370,Campaspe,3573,Mitiamo
371,Campaspe,3573,Pine Grove
372,Campaspe,3573,Terrick Terrick East
373,Campaspe,3612,Moora
374,Campaspe,3612,Rushworth
375,Campaspe,3612,Waranga Shores
376,Campaspe,3620,Kyabram
377,Campaspe,3620,Lancaster
378,Campaspe,3620,Wyuna
379,Campaspe,3620,Wyuna East
380,Campaspe,3621,Kyvalley
381,Campaspe,3621,Tongala
382,Campaspe,3621,Yambuna
383,Campaspe,3622,Koyuga
384,Campaspe,3622,Strathallan
385,Campaspe,3623,Carag Carag
386,Campaspe,3623,Stanhope
387,Campaspe,3624,Girgarre
388,Cardinia,3159,Menzies Creek
389,Cardinia,3781,Cockatoo
390,Cardinia,3781,Mount Burnett
391,Cardinia,3781,Nangana
392,Cardinia,3782,Avonsleigh
393,Cardinia,3782,Clematis
394,Cardinia,3782,Emerald
395,Cardinia,3783,Gembrook
396,Cardinia,3807,Beaconsfield
397,Cardinia,3807,Guys Hill
398,Cardinia,3808,Beaconsfield Upper
399,Cardinia,3808,Dewhurst
400,Cardinia,3809,Officer
401,Cardinia,3809,Officer South
402,Cardinia,3810,Pakenham
403,Cardinia,3810,Pakenham South
404,Cardinia,3810,Pakenham Upper
405,Cardinia,3810,Rythdale
406,Cardinia,3812,Maryknoll
407,Cardinia,3812,Nar Nar Goon
408,Cardinia,3812,Nar Nar Goon North
409,Cardinia,3813,Tynong
410,Cardinia,3813,Tynong North
411,Cardinia,3814,Cora Lynn
412,Cardinia,3814,Garfield
413,Cardinia,3814,Garfield North
414,Cardinia,3815,Bunyip
415,Cardinia,3815,Bunyip North
416,Cardinia,3815,Iona
417,Cardinia,3815,Tonimbuk
418,Cardinia,3816,Longwarry
419,Cardinia,3816,Modella
420,Cardinia,3978,Cardinia
421,Cardinia,3980,Tooradin
422,Cardinia,3981,Bayles
423,Cardinia,3981,Catani
424,Cardinia,3981,Dalmore
425,Cardinia,3981,Heath Hill
426,Cardinia,3981,Koo Wee Rup
427,Cardinia,3981,Koo Wee Rup North
428,Cardinia,3981,Yannathan
429,Cardinia,3984,Caldermeade
430,Cardinia,3984,Lang Lang
431,Cardinia,3984,Lang Lang East
432,Cardinia,3984,Monomeith
433,Cardinia,3987,Nyora
434,Casey,3156,Lysterfield South
435,Casey,3177,Doveton
436,Casey,3177,Eumemmerring
437,Casey,3802,Endeavour Hills
438,Casey,3803,Endeavour Hills
439,Casey,3803,Hallam
440,Casey,3804,Narre Warren North
441,Casey,3805,Narre Warren
442,Casey,3805,Narre Warren South
443,Casey,3806,Berwick
444,Casey,3806,Harkaway
445,Casey,3807,Beaconsfield
446,Casey,3912,Pearcedale
447,Casey,3975,Lynbrook
448,Casey,3975,Lyndhurst
449,Casey,3976,Hampton Park
450,Casey,3977,Botanic Ridge
451,Casey,3977,Cannons Creek
452,Casey,3977,Cranbourne
453,Casey,3977,Cranbourne East
454,Casey,3977,Cranbourne North
455,Casey,3977,Cranbourne South
456,Casey,3977,Cranbourne West
457,Casey,3977,Devon Meadows
458,Casey,3977,Junction Village
459,Casey,3978,Clyde
460,Casey,3978,Clyde North
461,Casey,3980,Blind Bight
462,Casey,3980,Tooradin
463,Casey,3980,Warneet
464,Central Goldfields,3364,Campbelltown
465,Central Goldfields,3370,Mount Cameron
466,Central Goldfields,3371,Amherst
467,Central Goldfields,3371,Dunach
468,Central Goldfields,3371,Lillicur
469,Central Goldfields,3371,Mount Glasgow
470,Central Goldfields,3371,Red Lion
471,Central Goldfields,3371,Talbot
472,Central Goldfields,3464,Carisbrook
473,Central Goldfields,3465,Alma
474,Central Goldfields,3465,Bowenvale
475,Central Goldfields,3465,Cotswold
476,Central Goldfields,3465,Craigie
477,Central Goldfields,3465,Flagstaff
478,Central Goldfields,3465,Havelock
479,Central Goldfields,3465,Majorca
480,Central Goldfields,3465,Maryborough
481,Central Goldfields,3465,Moolort
482,Central Goldfields,3465,Moonlight Flat
483,Central Goldfields,3465,Simson
484,Central Goldfields,3465,Timor
485,Central Goldfields,3465,Wareek
486,Central Goldfields,3472,Bet Bet
487,Central Goldfields,3472,Bromley
488,Central Goldfields,3472,Dunluce
489,Central Goldfields,3472,Dunolly
490,Central Goldfields,3472,Goldsborough
491,Central Goldfields,3472,Moliagul
492,Central Goldfields,3472,Mount Hooghly
493,Central Goldfields,3475,Bealiba
494,Colac-Otway,3233,Apollo Bay
495,Colac-Otway,3233,Cape Otway
496,Colac-Otway,3233,Marengo
497,Colac-Otway,3233,Skenes Creek
498,Colac-Otway,3234,Wongarra
499,Colac-Otway,3234,Wye River
500,Colac-Otway,3236,Forrest
501,Colac-Otway,3237,Beech Forest
502,Colac-Otway,3237,Yuulong
503,Colac-Otway,3238,Glenaire
504,Colac-Otway,3238,Hordern Vale
505,Colac-Otway,3238,Lavers Hill
506,Colac-Otway,3239,Carlisle River
507,Colac-Otway,3239,Gellibrand
508,Colac-Otway,3241,Ombersley
509,Colac-Otway,3242,Birregurra
510,Colac-Otway,3243,Barwon Downs
511,Colac-Otway,3243,Warncoort
512,Colac-Otway,3249,Alvie
513,Colac-Otway,3249,Balintore
514,Colac-Otway,3249,Barongarook
515,Colac-Otway,3249,Barongarook West
516,Colac-Otway,3249,Barramunga
517,Colac-Otway,3249,Coragulac
518,Colac-Otway,3249,Corunnun
519,Colac-Otway,3249,Dreeite
520,Colac-Otway,3249,Gerangamete
521,Colac-Otway,3249,Irrewarra
522,Colac-Otway,3249,Irrewillipe
523,Colac-Otway,3249,Irrewillipe East
524,Colac-Otway,3249,Kawarren
525,Colac-Otway,3249,Larpent
526,Colac-Otway,3249,Ondit
527,Colac-Otway,3249,Pirron Yallock
528,Colac-Otway,3249,Swan Marsh
529,Colac-Otway,3249,Warrion
530,Colac-Otway,3249,Yeo
531,Colac-Otway,3249,Yeodene
532,Colac-Otway,3250,Colac
533,Colac-Otway,3250,Colac East
534,Colac-Otway,3250,Colac West
535,Colac-Otway,3250,Elliminyt
536,Colac-Otway,3251,Beeac
537,Colac-Otway,3251,Eurack
538,Colac-Otway,3251,Weering
539,Colac-Otway,3254,Cororooke
540,Colac-Otway,3260,Bungador
541,Colac-Otway,3260,Stonyford
542,Colac-Otway,3266,Jancourt East
543,Colac-Otway,3322,Cressy
544,Colac-Otway,3329,Barunah Plains
545,Corangamite,3237,Gellibrand Lower
546,Corangamite,3237,Wattle Hill
547,Corangamite,3249,Pirron Yallock
548,Corangamite,3249,Pomborneit East
549,Corangamite,3260,Bookaar
550,Corangamite,3260,Camperdown
551,Corangamite,3260,Carpendeit
552,Corangamite,3260,Chocolyn
553,Corangamite,3260,Gnotuk
554,Corangamite,3260,Kariah
555,Corangamite,3260,Leslie Manor
556,Corangamite,3260,Pomborneit
557,Corangamite,3260,Pomborneit North
558,Corangamite,3260,South Purrumbete
559,Corangamite,3260,Stonyford
560,Corangamite,3260,Tesbury
561,Corangamite,3260,Weerite
562,Corangamite,3264,Terang
563,Corangamite,3265,Boorcan
564,Corangamite,3265,Dixie
565,Corangamite,3265,Ecklin South
566,Corangamite,3265,Glenormiston North
567,Corangamite,3265,Glenormiston South
568,Corangamite,3265,Kolora
569,Corangamite,3265,Noorat
570,Corangamite,3265,Noorat East
571,Corangamite,3266,Bullaharre
572,Corangamite,3266,Cobden
573,Corangamite,3266,Cobrico
574,Corangamite,3266,Elingamite North
575,Corangamite,3266,Glenfyne
576,Corangamite,3266,Jancourt
577,Corangamite,3266,Jancourt East
578,Corangamite,3266,Naroghid
579,Corangamite,3266,Simpson
580,Corangamite,3267,Scotts Creek
581,Corangamite,3268,Brucknell
582,Corangamite,3268,Cooriemungle
583,Corangamite,3268,Paaratte
584,Corangamite,3268,Timboon
585,Corangamite,3268,Timboon West
586,Corangamite,3269,Port Campbell
587,Corangamite,3269,Princetown
588,Corangamite,3269,Waarre
589,Corangamite,3270,Peterborough
590,Corangamite,3271,Darlington
591,Corangamite,3322,Cressy
592,Corangamite,3323,Berrybank
593,Corangamite,3323,Duverney
594,Corangamite,3323,Foxhow
595,Corangamite,3324,Lismore
596,Corangamite,3324,Mingay
597,Corangamite,3324,Mount Bute
598,Corangamite,3325,Derrinallum
599,Corangamite,3352,Werneth
600,Corangamite,3361,Bradvale
601,Corangamite,3361,Skipton
602,Darebin,3070,Northcote
603,Darebin,3071,Thornbury
604,Darebin,3072,Preston
605,Darebin,3073,Reservoir
606,Darebin,3078,Alphington
607,Darebin,3078,Fairfield
608,Darebin,3083,Bundoora
609,Darebin,3083,Kingsbury
610,Darebin,3085,Macleod
611,East Gippsland,3862,Cobbannah
612,East Gippsland,3864,Fernbank
613,East Gippsland,3864,Glenaladale
614,East Gippsland,3865,Lindenow
615,East Gippsland,3875,Bairnsdale
616,East Gippsland,3875,Bengworden
617,East Gippsland,3875,Bullumwaal
618,East Gippsland,3875,Calulu
619,East Gippsland,3875,Clifton Creek
620,East Gippsland,3875,East Bairnsdale
621,East Gippsland,3875,Eastwood
622,East Gippsland,3875,Ellaswood
623,East Gippsland,3875,Flaggy Creek
624,East Gippsland,3875,Forge Creek
625,East Gippsland,3875,Goon Nure
626,East Gippsland,3875,Granite Rock
627,East Gippsland,3875,Hillside
628,East Gippsland,3875,Lindenow South
629,East Gippsland,3875,Lucknow
630,East Gippsland,3875,Melwood
631,East Gippsland,3875,Mount Taylor
632,East Gippsland,3875,Newlands Arm
633,East Gippsland,3875,Sarsfield
634,East Gippsland,3875,Walpa
635,East Gippsland,3875,Wuk Wuk
636,East Gippsland,3875,Wy Yung
637,East Gippsland,3878,Eagle Point
638,East Gippsland,3880,Boole Poole
639,East Gippsland,3880,Paynesville
640,East Gippsland,3880,Raymond Island
641,East Gippsland,3882,Nicholson
642,East Gippsland,3885,Bruthen
643,East Gippsland,3885,Buchan
644,East Gippsland,3885,Buchan South
645,East Gippsland,3885,Gelantipy
646,East Gippsland,3885,Mossiface
647,East Gippsland,3885,Suggan Buggan
648,East Gippsland,3885,Tambo Upper
649,East Gippsland,3885,Wiseleigh
650,East Gippsland,3885,Wulgulmerang
651,East Gippsland,3885,Wulgulmerang East
652,East Gippsland,3886,Newmerella
653,East Gippsland,3887,Lake Tyers
654,East Gippsland,3887,Nowa Nowa
655,East Gippsland,3887,Wairewa
656,East Gippsland,3888,Bendoc
657,East Gippsland,3888,Bete Bolong
658,East Gippsland,3888,Brodribb River
659,East Gippsland,3888,Cape Conran
660,East Gippsland,3888,Deddick Valley
661,East Gippsland,3888,Delegate River
662,East Gippsland,3888,Goongerah
663,East Gippsland,3888,Jarrahmond
664,East Gippsland,3888,Marlo
665,East Gippsland,3888,Orbost
666,East Gippsland,3888,Simpsons Creek
667,East Gippsland,3888,Tostaree
668,East Gippsland,3888,Tubbut
669,East Gippsland,3888,Waygara
670,East Gippsland,3888,Wombat Creek
671,East Gippsland,3889,Bemm River
672,East Gippsland,3889,Cabbage Tree Creek
673,East Gippsland,3889,Club Terrace
674,East Gippsland,3889,Errinundra
675,East Gippsland,3890,Cann River
676,East Gippsland,3890,Chandlers Creek
677,East Gippsland,3890,Noorinbee
678,East Gippsland,3890,Tamboon
679,East Gippsland,3891,Genoa
680,East Gippsland,3891,Maramingo Creek
681,East Gippsland,3891,Wangarabell
682,East Gippsland,3892,Mallacoota
683,East Gippsland,3893,Double Bridges
684,East Gippsland,3895,Ensay
685,East Gippsland,3896,Bindi
686,East Gippsland,3896,Brookville
687,East Gippsland,3896,Swifts Creek
688,East Gippsland,3896,Tongio
689,East Gippsland,3898,Cobungra
690,East Gippsland,3898,Glen Wills
691,East Gippsland,3898,Omeo
692,East Gippsland,3900,Benambra
693,East Gippsland,3902,Bumberrah
694,East Gippsland,3902,Johnsonville
695,East Gippsland,3903,Swan Reach
696,East Gippsland,3904,Metung
697,East Gippsland,3909,Kalimna
698,East Gippsland,3909,Kalimna West
699,East Gippsland,3909,Lake Bunga
700,East Gippsland,3909,Lake Tyers Beach
701,East Gippsland,3909,Lakes Entrance
702,East Gippsland,3909,Nungurner
703,East Gippsland,3909,Nyerimilang
704,East Gippsland,3909,Toorloo Arm
705,Frankston,3198,Seaford
706,Frankston,3199,Frankston
707,Frankston,3199,Frankston South
708,Frankston,3200,Frankston North
709,Frankston,3201,Carrum Downs
710,Frankston,3910,Langwarrin
711,Frankston,3911,Langwarrin South
712,Frankston,3977,Sandhurst
713,Frankston,3977,Skye
714,Gannawarra,3540,Cannie
715,Gannawarra,3540,Oakvale
716,Gannawarra,3540,Quambatook
717,Gannawarra,3542,Lalbert
718,Gannawarra,3567,Horfield
719,Gannawarra,3567,Leitchville
720,Gannawarra,3568,Burkes Bridge
721,Gannawarra,3568,Cohuna
722,Gannawarra,3568,Cullen
723,Gannawarra,3568,Gannawarra
724,Gannawarra,3568,Keely
725,Gannawarra,3568,McMillans
726,Gannawarra,3568,Mead
727,Gannawarra,3568,Wee Wee Rup
728,Gannawarra,3579,Appin South
729,Gannawarra,3579,Benjeroop
730,Gannawarra,3579,Capels Crossing
731,Gannawarra,3579,Dingwall
732,Gannawarra,3579,Kerang
733,Gannawarra,3579,Kerang East
734,Gannawarra,3579,Koroop
735,Gannawarra,3579,Lake Meran
736,Gannawarra,3579,Milnes Bridge
737,Gannawarra,3579,Murrabit
738,Gannawarra,3579,Murrabit West
739,Gannawarra,3579,Myall
740,Gannawarra,3579,Mystic Park
741,Gannawarra,3579,Normanville
742,Gannawarra,3579,Reedy Lake
743,Gannawarra,3579,Sandhill Lake
744,Gannawarra,3579,Teal Point
745,Gannawarra,3579,Tragowel
746,Gannawarra,3579,Wandella
747,Gannawarra,3580,Koondrook
748,Gannawarra,3581,Lake Charm
749,Gannawarra,3585,Meatian
750,Glen Eira,3145,Caulfield East
751,Glen Eira,3161,Caulfield North
752,Glen Eira,3162,Caulfield
753,Glen Eira,3162,Caulfield South
754,Glen Eira,3163,Carnegie
755,Glen Eira,3163,Glen Huntly
756,Glen Eira,3163,Murrumbeena
757,Glen Eira,3165,Bentleigh East
758,Glen Eira,3183,St Kilda East
759,Glen Eira,3185,Elsternwick
760,Glen Eira,3185,Gardenvale
761,Glen Eira,3187,Brighton East
762,Glen Eira,3204,Bentleigh
763,Glen Eira,3204,McKinnon
764,Glen Eira,3204,Ormond
765,Glenelg,3285,Narrawong
766,Glenelg,3285,Tyrendarra
767,Glenelg,3292,Nelson
768,Glenelg,3302,Branxholme
769,Glenelg,3303,Condah
770,Glenelg,3303,Wallacedale
771,Glenelg,3304,Dartmoor
772,Glenelg,3304,Drik Drik
773,Glenelg,3304,Drumborg
774,Glenelg,3304,Greenwald
775,Glenelg,3304,Heywood
776,Glenelg,3304,Homerton
777,Glenelg,3304,Milltown
778,Glenelg,3304,Mumbannar
779,Glenelg,3304,Myamyn
780,Glenelg,3304,Winnap
781,Glenelg,3305,Allestree
782,Glenelg,3305,Bolwarra
783,Glenelg,3305,Cape Bridgewater
784,Glenelg,3305,Cashmore
785,Glenelg,3305,Dutton Way
786,Glenelg,3305,Gorae
787,Glenelg,3305,Gorae West
788,Glenelg,3305,Heathmere
789,Glenelg,3305,Mount Richmond
790,Glenelg,3305,Portland
791,Glenelg,3305,Portland North
792,Glenelg,3305,Portland West
793,Glenelg,3309,Digby
794,Glenelg,3310,Merino
795,Glenelg,3311,Casterton
796,Glenelg,3312,Bahgallah
797,Glenelg,3312,Dunrobin
798,Glenelg,3312,Henty
799,Glenelg,3312,Killara
800,Glenelg,3312,Lake Mundi
801,Glenelg,3312,Lindsay
802,Glenelg,3312,Sandford
803,Glenelg,3312,Strathdownie
804,Glenelg,3312,Wando Vale
805,Glenelg,3315,Paschendale
806,Glenelg,3315,Tahara Bridge
807,Golden Plains,3213,Anakie
808,Golden Plains,3213,Batesford
809,Golden Plains,3218,Murgheboluc
810,Golden Plains,3218,Stonehaven
811,Golden Plains,3321,Hesse
812,Golden Plains,3321,Inverleigh
813,Golden Plains,3328,Teesdale
814,Golden Plains,3329,Barunah Park
815,Golden Plains,3329,Shelford
816,Golden Plains,3330,Rokewood
817,Golden Plains,3331,Bannockburn
818,Golden Plains,3331,Gheringhap
819,Golden Plains,3331,Maude
820,Golden Plains,3331,Russells Bridge
821,Golden Plains,3331,She Oaks
822,Golden Plains,3331,Steiglitz
823,Golden Plains,3331,Sutherlands Creek
824,Golden Plains,3332,Lethbridge
825,Golden Plains,3333,Meredith
826,Golden Plains,3342,Durdidwarrah
827,Golden Plains,3351,Berringa
828,Golden Plains,3351,Cape Clear
829,Golden Plains,3351,Haddon
830,Golden Plains,3351,Newtown
831,Golden Plains,3351,Nintingbool
832,Golden Plains,3351,Piggoreet
833,Golden Plains,3351,Pitfield
834,Golden Plains,3351,Ross Creek
835,Golden Plains,3351,Scarsdale
836,Golden Plains,3351,Smythes Creek
837,Golden Plains,3351,Smythesdale
838,Golden Plains,3351,Springdallah
839,Golden Plains,3351,Wallinduc
840,Golden Plains,3352,Cambrian Hill
841,Golden Plains,3352,Corindhap
842,Golden Plains,3352,Dereel
843,Golden Plains,3352,Enfield
844,Golden Plains,3352,Grenville
845,Golden Plains,3352,Mount Mercer
846,Golden Plains,3352,Napoleons
847,Golden Plains,3360,Happy Valley
848,Golden Plains,3360,Linton
849,Golden Plains,3360,Mannibadar
850,Golden Plains,3360,Pittong
851,Greater Bendigo,3444,Mia Mia
852,Greater Bendigo,3444,Redesdale
853,Greater Bendigo,3453,Ravenswood
854,Greater Bendigo,3515,Marong
855,Greater Bendigo,3515,Shelbourne
856,Greater Bendigo,3515,Wilsons Hill
857,Greater Bendigo,3523,Argyle
858,Greater Bendigo,3523,Costerfield
859,Greater Bendigo,3523,Derrinal
860,Greater Bendigo,3523,Heathcote
861,Greater Bendigo,3523,Knowsley
862,Greater Bendigo,3523,Ladys Pass
863,Greater Bendigo,3523,Lake Eppalock
864,Greater Bendigo,3523,Mount Camel
865,Greater Bendigo,3523,Redcastle
866,Greater Bendigo,3550,Bendigo
867,Greater Bendigo,3550,East Bendigo
868,Greater Bendigo,3550,Flora Hill
869,Greater Bendigo,3550,Ironbark
870,Greater Bendigo,3550,Kennington
871,Greater Bendigo,3550,Long Gully
872,Greater Bendigo,3550,North Bendigo
873,Greater Bendigo,3550,Quarry Hill
874,Greater Bendigo,3550,Spring Gully
875,Greater Bendigo,3550,Strathdale
876,Greater Bendigo,3550,West Bendigo
877,Greater Bendigo,3550,White Hills
878,Greater Bendigo,3551,Ascot
879,Greater Bendigo,3551,Axe Creek
880,Greater Bendigo,3551,Axedale
881,Greater Bendigo,3551,Bagshot
882,Greater Bendigo,3551,Bagshot North
883,Greater Bendigo,3551,Emu Creek
884,Greater Bendigo,3551,Eppalock
885,Greater Bendigo,3551,Epsom
886,Greater Bendigo,3551,Huntly
887,Greater Bendigo,3551,Huntly North
888,Greater Bendigo,3551,Junortoun
889,Greater Bendigo,3551,Kimbolton
890,Greater Bendigo,3551,Lockwood
891,Greater Bendigo,3551,Lockwood South
892,Greater Bendigo,3551,Longlea
893,Greater Bendigo,3551,Maiden Gully
894,Greater Bendigo,3551,Mandurang
895,Greater Bendigo,3551,Sedgwick
896,Greater Bendigo,3551,Strathfieldsaye
897,Greater Bendigo,3551,Toolleen
898,Greater Bendigo,3551,Wellsford
899,Greater Bendigo,3555,Big Hill
900,Greater Bendigo,3555,Golden Gully
901,Greater Bendigo,3555,Golden Square
902,Greater Bendigo,3555,Kangaroo Flat
903,Greater Bendigo,3556,California Gully
904,Greater Bendigo,3556,Eaglehawk
905,Greater Bendigo,3556,Eaglehawk North
906,Greater Bendigo,3556,Jackass Flat
907,Greater Bendigo,3556,Myers Flat
908,Greater Bendigo,3556,Sailors Gully
909,Greater Bendigo,3556,Sebastian
910,Greater Bendigo,3556,Whipstick
911,Greater Bendigo,3556,Woodvale
912,Greater Bendigo,3557,Barnadown
913,Greater Bendigo,3557,Fosterville
914,Greater Bendigo,3557,Goornong
915,Greater Bendigo,3558,Elmore
916,Greater Bendigo,3558,Hunter
917,Greater Bendigo,3559,Avonmore
918,Greater Bendigo,3570,Kamarooka
919,Greater Bendigo,3570,Neilborough
920,Greater Bendigo,3570,Raywood
921,Greater Dandenong,3171,Springvale
922,Greater Dandenong,3172,Springvale South
923,Greater Dandenong,3173,Keysborough
924,Greater Dandenong,3174,Noble Park
925,Greater Dandenong,3174,Noble Park North
926,Greater Dandenong,3175,Bangholme
927,Greater Dandenong,3175,Dandenong
928,Greater Dandenong,3175,Dandenong North
929,Greater Dandenong,3175,Dandenong South
930,Greater Dandenong,3975,Lyndhurst
931,Greater Geelong,3211,Little River
932,Greater Geelong,3212,Avalon
933,Greater Geelong,3212,Lara
934,Greater Geelong,3212,Point Wilson
935,Greater Geelong,3213,Anakie
936,Greater Geelong,3213,Batesford
937,Greater Geelong,3213,Lovely Banks
938,Greater Geelong,3213,Moorabool
939,Greater Geelong,3214,Corio
940,Greater Geelong,3214,Norlane
941,Greater Geelong,3214,North Shore
942,Greater Geelong,3215,Bell Park
943,Greater Geelong,3215,Bell Post Hill
944,Greater Geelong,3215,Drumcondra
945,Greater Geelong,3215,Hamlyn Heights
946,Greater Geelong,3215,North Geelong
947,Greater Geelong,3215,Rippleside
948,Greater Geelong,3216,Belmont
949,Greater Geelong,3216,Grovedale
950,Greater Geelong,3216,Highton
951,Greater Geelong,3216,Marshall
952,Greater Geelong,3216,Wandana Heights
953,Greater Geelong,3216,Waurn Ponds
954,Greater Geelong,3217,Armstrong Creek
955,Greater Geelong,3217,Charlemont
956,Greater Geelong,3217,Mount Duneed
957,Greater Geelong,3218,Fyansford
958,Greater Geelong,3218,Geelong West
959,Greater Geelong,3218,Herne Hill
960,Greater Geelong,3218,Manifold Heights
961,Greater Geelong,3219,Breakwater
962,Greater Geelong,3219,East Geelong
963,Greater Geelong,3219,Newcomb
964,Greater Geelong,3219,St Albans Park
965,Greater Geelong,3219,Thomson
966,Greater Geelong,3219,Whittington
967,Greater Geelong,3220,Geelong
968,Greater Geelong,3220,Newtown
969,Greater Geelong,3220,South Geelong
970,Greater Geelong,3221,Ceres
971,Greater Geelong,3222,Clifton Springs
972,Greater Geelong,3222,Curlewis
973,Greater Geelong,3222,Drysdale
974,Greater Geelong,3222,Mannerim
975,Greater Geelong,3222,Marcus Hill
976,Greater Geelong,3222,Wallington
977,Greater Geelong,3223,Bellarine
978,Greater Geelong,3223,Indented Head
979,Greater Geelong,3223,Portarlington
980,Greater Geelong,3223,St Leonards
981,Greater Geelong,3224,Leopold
982,Greater Geelong,3224,Moolap
983,Greater Geelong,3225,Point Lonsdale
984,Greater Geelong,3225,Swan Bay
985,Greater Geelong,3226,Ocean Grove
986,Greater Geelong,3227,Barwon Heads
987,Greater Geelong,3227,Breamlea
988,Greater Geelong,3227,Connewarre
989,Greater Geelong,3340,Balliang
990,Greater Geelong,3340,Staughton Vale
991,Greater Shepparton,3610,Dhurringile
992,Greater Shepparton,3610,Moorilim
993,Greater Shepparton,3610,Murchison
994,Greater Shepparton,3610,Murchison East
995,Greater Shepparton,3610,Murchison North
996,Greater Shepparton,3614,Toolamba
997,Greater Shepparton,3614,Toolamba West
998,Greater Shepparton,3616,Cooma
999,Greater Shepparton,3616,Gillieston
1000,Greater Shepparton,3616,Girgarre East
1001,Greater Shepparton,3616,Harston
1002,Greater Shepparton,3616,Tatura
1003,Greater Shepparton,3616,Tatura East
1004,Greater Shepparton,3617,Byrneside
1005,Greater Shepparton,3618,Merrigum
1006,Greater Shepparton,3620,Kyabram
1007,Greater Shepparton,3620,Kyabram South
1008,Greater Shepparton,3620,St Germains
1009,Greater Shepparton,3629,Ardmona
1010,Greater Shepparton,3629,Coomboona
1011,Greater Shepparton,3629,Mooroopna
1012,Greater Shepparton,3629,Mooroopna North
1013,Greater Shepparton,3629,Undera
1014,Greater Shepparton,3630,Caniambo
1015,Greater Shepparton,3630,Shepparton
1016,Greater Shepparton,3631,Arcadia
1017,Greater Shepparton,3631,Cosgrove
1018,Greater Shepparton,3631,Cosgrove South
1019,Greater Shepparton,3631,Grahamvale
1020,Greater Shepparton,3631,Karramomus
1021,Greater Shepparton,3631,Kialla
1022,Greater Shepparton,3631,Kialla East
1023,Greater Shepparton,3631,Kialla West
1024,Greater Shepparton,3631,Lemnos
1025,Greater Shepparton,3631,Orrvale
1026,Greater Shepparton,3631,Pine Lodge
1027,Greater Shepparton,3631,Shepparton East
1028,Greater Shepparton,3631,Shepparton North
1029,Greater Shepparton,3633,Congupna
1030,Greater Shepparton,3634,Bunbartha
1031,Greater Shepparton,3634,Katandra
1032,Greater Shepparton,3634,Katandra West
1033,Greater Shepparton,3634,Marionvale
1034,Greater Shepparton,3634,Tallygaroopna
1035,Greater Shepparton,3634,Zeerust
1036,Greater Shepparton,3646,Dookie
1037,Greater Shepparton,3646,Nalinga
1038,Greater Shepparton,3647,Dookie College
1039,Greater Shepparton,3669,Tamleugh North
1040,Hepburn,3352,Mollongghip
1041,Hepburn,3352,Sulky
1042,Hepburn,3363,Creswick
1043,Hepburn,3363,Dean
1044,Hepburn,3363,Mount Beckworth
1045,Hepburn,3364,Allendale
1046,Hepburn,3364,Blampied
1047,Hepburn,3364,Broomfield
1048,Hepburn,3364,Campbelltown
1049,Hepburn,3364,Kingston
1050,Hepburn,3364,Mount Prospect
1051,Hepburn,3364,Newlyn
1052,Hepburn,3364,Newlyn North
1053,Hepburn,3364,Rocklyn
1054,Hepburn,3364,Smeaton
1055,Hepburn,3364,Springmount
1056,Hepburn,3370,Clunes
1057,Hepburn,3370,Glengower
1058,Hepburn,3370,Ullina
1059,Hepburn,3371,Dunach
1060,Hepburn,3444,Spring Hill
1061,Hepburn,3446,Drummond North
1062,Hepburn,3451,Tarilta
1063,Hepburn,3458,Little Hampton
1064,Hepburn,3458,Newbury
1065,Hepburn,3458,Trentham
1066,Hepburn,3458,Trentham East
1067,Hepburn,3460,Basalt
1068,Hepburn,3460,Daylesford
1069,Hepburn,3461,Bullarto
1070,Hepburn,3461,Coomoora
1071,Hepburn,3461,Denver
1072,Hepburn,3461,Drummond
1073,Hepburn,3461,Eganstown
1074,Hepburn,3461,Franklinford
1075,Hepburn,3461,Glenlyon
1076,Hepburn,3461,Hepburn
1077,Hepburn,3461,Hepburn Springs
1078,Hepburn,3461,Leonards Hill
1079,Hepburn,3461,Mount Franklin
1080,Hepburn,3461,Musk
1081,Hepburn,3461,Musk Vale
1082,Hepburn,3461,Porcupine Ridge
1083,Hepburn,3461,Sailors Falls
1084,Hepburn,3461,Sailors Hill
1085,Hepburn,3461,Shepherds Flat
1086,Hepburn,3461,Wheatsheaf
1087,Hepburn,3461,Yandoit
1088,Hindmarsh,3414,Antwerp
1089,Hindmarsh,3414,Dimboola
1090,Hindmarsh,3414,Tarranyurk
1091,Hindmarsh,3418,Broughton
1092,Hindmarsh,3418,Gerang Gerung
1093,Hindmarsh,3418,Glenlee
1094,Hindmarsh,3418,Kiata
1095,Hindmarsh,3418,Netherby
1096,Hindmarsh,3418,Nhill
1097,Hindmarsh,3418,Yanac
1098,Hindmarsh,3423,Jeparit
1099,Hindmarsh,3424,Rainbow
1100,Hobsons Bay,3012,Brooklyn
1101,Hobsons Bay,3015,Newport
1102,Hobsons Bay,3015,South Kingsville
1103,Hobsons Bay,3015,Spotswood
1104,Hobsons Bay,3016,Williamstown
1105,Hobsons Bay,3016,Williamstown North
1106,Hobsons Bay,3018,Altona
1107,Hobsons Bay,3018,Seaholme
1108,Hobsons Bay,3025,Altona North
1109,Hobsons Bay,3028,Altona Meadows
1110,Hobsons Bay,3028,Laverton
1111,Hobsons Bay,3028,Seabrook
1112,Horsham,3385,Dadswells Bridge
1113,Horsham,3400,Horsham
1114,Horsham,3401,Bungalally
1115,Horsham,3401,Dooen
1116,Horsham,3401,Drung
1117,Horsham,3401,Haven
1118,Horsham,3401,Kalkee
1119,Horsham,3401,Kanagulk
1120,Horsham,3401,Laharum
1121,Horsham,3401,Longerenong
1122,Horsham,3401,Lower Norton
1123,Horsham,3401,McKenzie Creek
1124,Horsham,3401,Mockinya
1125,Horsham,3401,Murra Warra
1126,Horsham,3401,Nurrabiel
1127,Horsham,3401,Pimpinio
1128,Horsham,3401,Quantong
1129,Horsham,3401,Riverside
1130,Horsham,3401,St Helens Plains
1131,Horsham,3401,Toolondo
1132,Horsham,3401,Vectis
1133,Horsham,3401,Wail
1134,Horsham,3401,Wartook
1135,Horsham,3409,Clear Lake
1136,Horsham,3409,Mitre
1137,Horsham,3409,Natimuk
1138,Horsham,3409,Noradjuha
1139,Horsham,3409,Tooan
1140,Hume,3036,Keilor
1141,Hume,3043,Gladstone Park
1142,Hume,3043,Tullamarine
1143,Hume,3045,Melbourne Airport
1144,Hume,3047,Broadmeadows
1145,Hume,3047,Dallas
1146,Hume,3047,Jacana
1147,Hume,3048,Coolaroo
1148,Hume,3048,Meadow Heights
1149,Hume,3049,Attwood
1150,Hume,3049,Westmeadows
1151,Hume,3059,Greenvale
1152,Hume,3060,Fawkner
1153,Hume,3061,Campbellfield
1154,Hume,3062,Somerton
1155,Hume,3063,Oaklands Junction
1156,Hume,3063,Yuroke
1157,Hume,3064,Craigieburn
1158,Hume,3064,Kalkallo
1159,Hume,3064,Mickleham
1160,Hume,3064,Roxburgh Park
1161,Hume,3427,Diggers Rest
1162,Hume,3428,Bulla
1163,Hume,3429,Sunbury
1164,Hume,3429,Wildwood
1165,Hume,3430,Clarkefield
1166,Indigo,3682,Lilliput
1167,Indigo,3682,Norong
1168,Indigo,3683,Chiltern
1169,Indigo,3683,Chiltern Valley
1170,Indigo,3683,Cornishtown
1171,Indigo,3685,Brimin
1172,Indigo,3685,Browns Plains
1173,Indigo,3685,Gooramadda
1174,Indigo,3685,Rutherglen
1175,Indigo,3687,Wahgunyah
1176,Indigo,3688,Barnawartha
1177,Indigo,3688,Indigo Valley
1178,Indigo,3691,Allans Flat
1179,Indigo,3691,Gundowring
1180,Indigo,3691,Kergunyah
1181,Indigo,3691,Kiewa
1182,Indigo,3691,Osbornes Flat
1183,Indigo,3691,Staghorn Flat
1184,Indigo,3691,Tangambalanga
1185,Indigo,3695,Charleroi
1186,Indigo,3695,Sandy Creek
1187,Indigo,3747,Beechworth
1188,Indigo,3747,Stanley
1189,Indigo,3747,Wooragee
1190,Indigo,3749,Bruarong
1191,Indigo,3749,Yackandandah
1192,Kingston,3167,Oakleigh South
1193,Kingston,3169,Clarinda
1194,Kingston,3169,Clayton South
1195,Kingston,3172,Dingley Village
1196,Kingston,3189,Moorabbin
1197,Kingston,3190,Highett
1198,Kingston,3192,Cheltenham
1199,Kingston,3194,Mentone
1200,Kingston,3194,Moorabbin Airport
1201,Kingston,3195,Aspendale
1202,Kingston,3195,Aspendale Gardens
1203,Kingston,3195,Braeside
1204,Kingston,3195,Mordialloc
1205,Kingston,3195,Parkdale
1206,Kingston,3195,Waterways
1207,Kingston,3196,Bonbeach
1208,Kingston,3196,Chelsea
1209,Kingston,3196,Chelsea Heights
1210,Kingston,3196,Edithvale
1211,Kingston,3197,Carrum
1212,Kingston,3197,Patterson Lakes
1213,Kingston,3202,Heatherton
1214,Knox,3152,Wantirna
1215,Knox,3152,Wantirna South
1216,Knox,3153,Bayswater
1217,Knox,3154,The Basin
1218,Knox,3155,Boronia
1219,Knox,3155,Wantirna South
1220,Knox,3156,Ferntree Gully
1221,Knox,3156,Lysterfield
1222,Knox,3156,Upper Ferntree Gully
1223,Knox,3178,Rowville
1224,Knox,3179,Scoresby
1225,Knox,3180,Knoxfield
1226,Latrobe,3825,Hernes Oak
1227,Latrobe,3825,Moe
1228,Latrobe,3825,Moe South
1229,Latrobe,3825,Newborough
1230,Latrobe,3825,Tanjil South
1231,Latrobe,3825,Yallourn
1232,Latrobe,3825,Yallourn North
1233,Latrobe,3840,Driffield
1234,Latrobe,3840,Hazelwood
1235,Latrobe,3840,Hazelwood North
1236,Latrobe,3840,Hazelwood South
1237,Latrobe,3840,Jeeralang
1238,Latrobe,3840,Jeeralang Junction
1239,Latrobe,3840,Maryvale
1240,Latrobe,3840,Morwell
1241,Latrobe,3842,Churchill
1242,Latrobe,3844,Callignee
1243,Latrobe,3844,Flynn
1244,Latrobe,3844,Flynns Creek
1245,Latrobe,3844,Koornalla
1246,Latrobe,3844,Loy Yang
1247,Latrobe,3844,Traralgon
1248,Latrobe,3844,Traralgon East
1249,Latrobe,3844,Traralgon South
1250,Latrobe,3844,Tyers
1251,Latrobe,3854,Glengarry
1252,Latrobe,3854,Glengarry North
1253,Latrobe,3854,Glengarry West
1254,Latrobe,3856,Toongabbie
1255,Latrobe,3857,Cowwarr
1256,Latrobe,3869,Jumbuk
1257,Latrobe,3869,Yinnar
1258,Latrobe,3869,Yinnar South
1259,Latrobe,3870,Boolarra
1260,Latrobe,3870,Boolarra South
1261,Latrobe,3870,Budgeree
1262,Latrobe,3870,Grand Ridge
1263,Loddon,3463,Laanecoorie
1264,Loddon,3463,Woodstock West
1265,Loddon,3472,Dunolly
1266,Loddon,3472,Eddington
1267,Loddon,3472,McIntyre
1268,Loddon,3472,Moliagul
1269,Loddon,3475,Burkes Flat
1270,Loddon,3475,Logan
1271,Loddon,3477,Gowar East
1272,Loddon,3515,Marong
1273,Loddon,3515,Shelbourne
1274,Loddon,3516,Bridgewater
1275,Loddon,3516,Bridgewater On Loddon
1276,Loddon,3516,Derby
1277,Loddon,3516,Leichardt
1278,Loddon,3517,Glenalbyn
1279,Loddon,3517,Inglewood
1280,Loddon,3517,Jarklin
1281,Loddon,3517,Kingower
1282,Loddon,3517,Kurting
1283,Loddon,3517,Powlett Plains
1284,Loddon,3517,Rheola
1285,Loddon,3517,Salisbury West
1286,Loddon,3517,Serpentine
1287,Loddon,3518,Borung
1288,Loddon,3518,Wedderburn
1289,Loddon,3518,Wedderburn Junction
1290,Loddon,3518,Wehla
1291,Loddon,3520,Kinypanial
1292,Loddon,3520,Korong Vale
1293,Loddon,3525,Terrappee
1294,Loddon,3525,Wychitella
1295,Loddon,3537,Boort
1296,Loddon,3537,Canary Island
1297,Loddon,3537,Minmindie
1298,Loddon,3551,Llanelly
1299,Loddon,3551,Murphys Creek
1300,Loddon,3551,Newbridge
1301,Loddon,3551,Tarnagulla
1302,Loddon,3551,Waanyarra
1303,Loddon,3551,Woodstock On Loddon
1304,Loddon,3556,Campbells Forest
1305,Loddon,3556,Sebastian
1306,Loddon,3567,Leitchville
1307,Loddon,3570,Raywood
1308,Loddon,3571,Dingee
1309,Loddon,3571,Pompapiel
1310,Loddon,3573,Calivil
1311,Loddon,3573,Mitiamo
1312,Loddon,3575,Mincha
1313,Loddon,3575,Mologa
1314,Loddon,3575,Pyramid Hill
1315,Loddon,3575,Terrick Terrick
1316,Loddon,3575,Yarrawalla
1317,Loddon,3576,Durham Ox
1318,Loddon,3579,Appin South
1319,Loddon,3579,Macorna
1320,Macedon Ranges,3430,Clarkefield
1321,Macedon Ranges,3431,Riddells Creek
1322,Macedon Ranges,3432,Bolinda
1323,Macedon Ranges,3433,Monegeetta
1324,Macedon Ranges,3434,Cherokee
1325,Macedon Ranges,3434,Kerrie
1326,Macedon Ranges,3434,Romsey
1327,Macedon Ranges,3434,Springfield
1328,Macedon Ranges,3435,Benloch
1329,Macedon Ranges,3435,Goldie
1330,Macedon Ranges,3435,Lancefield
1331,Macedon Ranges,3437,Bullengarook
1332,Macedon Ranges,3437,Gisborne
1333,Macedon Ranges,3437,Gisborne South
1334,Macedon Ranges,3438,New Gisborne
1335,Macedon Ranges,3440,Macedon
1336,Macedon Ranges,3441,Mount Macedon
1337,Macedon Ranges,3442,Ashbourne
1338,Macedon Ranges,3442,Cadello
1339,Macedon Ranges,3442,Carlsruhe
1340,Macedon Ranges,3442,Cobaw
1341,Macedon Ranges,3442,Hesket
1342,Macedon Ranges,3442,Newham
1343,Macedon Ranges,3442,Rochford
1344,Macedon Ranges,3442,Woodend
1345,Macedon Ranges,3442,Woodend North
1346,Macedon Ranges,3444,Baynton
1347,Macedon Ranges,3444,Edgecombe
1348,Macedon Ranges,3444,Kyneton
1349,Macedon Ranges,3444,Kyneton South
1350,Macedon Ranges,3444,Lauriston
1351,Macedon Ranges,3444,Pastoria East
1352,Macedon Ranges,3444,Pipers Creek
1353,Macedon Ranges,3444,Tylden
1354,Macedon Ranges,3446,Malmsbury
1355,Macedon Ranges,3458,Fern Hill
1356,Macedon Ranges,3458,Trentham East
1357,Macedon Ranges,3756,Chintin
1358,Macedon Ranges,3756,Darraweit Guim
1359,Manningham,3105,Bulleen
1360,Manningham,3106,Templestowe
1361,Manningham,3107,Doncaster
1362,Manningham,3107,Templestowe Lower
1363,Manningham,3108,Doncaster
1364,Manningham,3109,Doncaster East
1365,Manningham,3111,Donvale
1366,Manningham,3113,Warrandyte
1367,Manningham,3114,Park Orchards
1368,Manningham,3115,Wonga Park
1369,Manningham,3131,Nunawading
1370,Manningham,3134,Ringwood North
1371,Manningham,3134,Warrandyte South
1372,Mansfield,3713,Lake Eildon
1373,Mansfield,3715,Ancona
1374,Mansfield,3715,Merton
1375,Mansfield,3715,Woodfield
1376,Mansfield,3720,Bonnie Doon
1377,Mansfield,3722,Barwite
1378,Mansfield,3722,Mansfield
1379,Mansfield,3723,Barjarg
1380,Mansfield,3723,Boorolite
1381,Mansfield,3723,Bridge Creek
1382,Mansfield,3723,Gaffneys Creek
1383,Mansfield,3723,Goughs Bay
1384,Mansfield,3723,Howqua
1385,Mansfield,3723,Howqua Hills
1386,Mansfield,3723,Howqua Inlet
1387,Mansfield,3723,Jamieson
1388,Mansfield,3723,Kevington
1389,Mansfield,3723,Knockwood
1390,Mansfield,3723,Macs Cove
1391,Mansfield,3723,Maindample
1392,Mansfield,3723,Merrijig
1393,Mansfield,3723,Mount Buller
1394,Mansfield,3723,Piries
1395,Mansfield,3723,Sawmill Settlement
1396,Mansfield,3723,Tolmie
1397,Mansfield,3723,Woods Point
1398,Maribyrnong,3011,Footscray
1399,Maribyrnong,3011,Seddon
1400,Maribyrnong,3012,Kingsville
1401,Maribyrnong,3012,Maidstone
1402,Maribyrnong,3012,Tottenham
1403,Maribyrnong,3012,West Footscray
1404,Maribyrnong,3013,Yarraville
1405,Maribyrnong,3019,Braybrook
1406,Maribyrnong,3032,Maribyrnong
1407,Maroondah,3114,Park Orchards
1408,Maroondah,3115,Wonga Park
1409,Maroondah,3133,Vermont
1410,Maroondah,3134,Ringwood
1411,Maroondah,3134,Ringwood North
1412,Maroondah,3134,Warranwood
1413,Maroondah,3135,Heathmont
1414,Maroondah,3135,Ringwood East
1415,Maroondah,3136,Croydon
1416,Maroondah,3136,Croydon Hills
1417,Maroondah,3136,Croydon North
1418,Maroondah,3136,Croydon South
1419,Maroondah,3137,Kilsyth
1420,Maroondah,3137,Kilsyth South
1421,Maroondah,3153,Bayswater North
1422,Melbourne,3000,Carlton
1423,Melbourne,3000,Melbourne
1424,Melbourne,3002,East Melbourne
1425,Melbourne,3003,West Melbourne
1426,Melbourne,3004,Melbourne
1427,Melbourne,3006,South Wharf
1428,Melbourne,3006,Southbank
1429,Melbourne,3008,Docklands
1430,Melbourne,3031,Flemington
1431,Melbourne,3031,Kensington
1432,Melbourne,3051,North Melbourne
1433,Melbourne,3052,Melbourne
1434,Melbourne,3052,Parkville
1435,Melbourne,3053,Carlton
1436,Melbourne,3054,Carlton North
1437,Melbourne,3141,South Yarra
1438,Melbourne,3207,Port Melbourne
1439,Melton,3023,Burnside
1440,Melton,3023,Burnside Heights
1441,Melton,3023,Caroline Springs
1442,Melton,3023,Ravenhall
1443,Melton,3024,Mount Cottrell
1444,Melton,3029,Truganina
1445,Melton,3037,Hillside
1446,Melton,3037,Taylors Hill
1447,Melton,3335,Bonnie Brook
1448,Melton,3335,Grangefields
1449,Melton,3335,Plumpton
1450,Melton,3335,Rockbank
1451,Melton,3335,Thornhill Park
1452,Melton,3336,Aintree
1453,Melton,3336,Deanside
1454,Melton,3336,Fraser Rise
1455,Melton,3337,Harkness
1456,Melton,3337,Kurunjang
1457,Melton,3337,Melton
1458,Melton,3337,Melton West
1459,Melton,3337,Toolern Vale
1460,Melton,3338,Brookfield
1461,Melton,3338,Cobblebank
1462,Melton,3338,Exford
1463,Melton,3338,Eynesbury
1464,Melton,3338,Melton South
1465,Melton,3338,Strathtulloh
1466,Melton,3338,Weir Views
1467,Melton,3340,Parwan
1468,Melton,3427,Diggers Rest
1469,Merri-bek,3043,Gowanbrae
1470,Merri-bek,3043,Tullamarine
1471,Merri-bek,3044,Pascoe Vale
1472,Merri-bek,3044,Pascoe Vale South
1473,Merri-bek,3046,Glenroy
1474,Merri-bek,3046,Hadfield
1475,Merri-bek,3046,Oak Park
1476,Merri-bek,3055,Brunswick West
1477,Merri-bek,3056,Brunswick
1478,Merri-bek,3056,Brunswick East
1479,Merri-bek,3057,Brunswick East
1480,Merri-bek,3058,Coburg
1481,Merri-bek,3058,Coburg North
1482,Merri-bek,3060,Fawkner
1483,Merri-bek,3068,Fitzroy North
1484,Mildura,3489,Tempy
1485,Mildura,3490,Boinka
1486,Mildura,3490,Kulwin
1487,Mildura,3490,Ouyen
1488,Mildura,3491,Patchewollock
1489,Mildura,3494,Carwarp
1490,Mildura,3494,Colignan
1491,Mildura,3494,Iraak
1492,Mildura,3494,Nangiloc
1493,Mildura,3496,Cardross
1494,Mildura,3496,Cullulleraine
1495,Mildura,3496,Meringur
1496,Mildura,3496,Merrinee
1497,Mildura,3496,Red Cliffs
1498,Mildura,3496,Werrimull
1499,Mildura,3498,Irymple
1500,Mildura,3500,Mildura
1501,Mildura,3501,Hattah
1502,Mildura,3501,Koorlong
1503,Mildura,3501,Nichols Point
1504,Mildura,3505,Birdwoodton
1505,Mildura,3505,Cabarita
1506,Mildura,3505,Merbein
1507,Mildura,3505,Merbein South
1508,Mildura,3505,Merbein West
1509,Mildura,3505,Wargan
1510,Mildura,3505,Yelta
1511,Mildura,3507,Walpeup
1512,Mildura,3512,Murrayville
1513,Mitchell,3435,Nulla Vale
1514,Mitchell,3444,Mia Mia
1515,Mitchell,3521,Pyalong
1516,Mitchell,3522,Glenhope East
1517,Mitchell,3522,Tooborac
1518,Mitchell,3523,Heathcote South
1519,Mitchell,3658,Broadford
1520,Mitchell,3658,Clonbinane
1521,Mitchell,3658,Reedy Creek
1522,Mitchell,3658,Sugarloaf Creek
1523,Mitchell,3658,Sunday Creek
1524,Mitchell,3658,Tyaak
1525,Mitchell,3658,Waterford Park
1526,Mitchell,3659,Tallarook
1527,Mitchell,3660,Highlands
1528,Mitchell,3660,Hilldene
1529,Mitchell,3660,Northwood
1530,Mitchell,3660,Seymour
1531,Mitchell,3660,Trawool
1532,Mitchell,3660,Whiteheads Creek
1533,Mitchell,3662,Puckapunyal
1534,Mitchell,3663,Mangalore
1535,Mitchell,3664,Avenel
1536,Mitchell,3666,Tarcombe
1537,Mitchell,3753,Beveridge
1538,Mitchell,3756,Upper Plenty
1539,Mitchell,3756,Wallan
1540,Mitchell,3758,Heathcote Junction
1541,Mitchell,3758,Wandong
1542,Mitchell,3762,Bylands
1543,Mitchell,3764,Forbes
1544,Mitchell,3764,Glenaroua
1545,Mitchell,3764,High Camp
1546,Mitchell,3764,Kilmore
1547,Mitchell,3764,Kilmore East
1548,Mitchell,3764,Moranding
1549,Mitchell,3764,Willowmavin
1550,Moira,3634,Marungi
1551,Moira,3635,Kaarimba
1552,Moira,3635,Mundoona
1553,Moira,3635,Wunghnu
1554,Moira,3636,Drumanure
1555,Moira,3636,Invergordon
1556,Moira,3636,Naring
1557,Moira,3636,Numurkah
1558,Moira,3637,Waaia
1559,Moira,3637,Yalca
1560,Moira,3638,Kotupna
1561,Moira,3638,Nathalia
1562,Moira,3638,Yielima
1563,Moira,3639,Barmah
1564,Moira,3639,Lower Moira
1565,Moira,3639,Picola
1566,Moira,3640,Katunga
1567,Moira,3641,Bearii
1568,Moira,3641,Strathmerton
1569,Moira,3641,Ulupna
1570,Moira,3644,Cobram
1571,Moira,3644,Cobram East
1572,Moira,3644,Koonoomoo
1573,Moira,3644,Muckatah
1574,Moira,3644,Yarroweyah
1575,Moira,3646,Waggarandall
1576,Moira,3646,Yabba North
1577,Moira,3646,Youanmite
1578,Moira,3649,Katamatite
1579,Moira,3649,Katamatite East
1580,Moira,3678,Peechelba
1581,Moira,3727,Almonds
1582,Moira,3727,Lake Rowan
1583,Moira,3727,St James
1584,Moira,3728,Boomahnoomoonah
1585,Moira,3728,Tungamah
1586,Moira,3728,Wilby
1587,Moira,3728,Youarang
1588,Moira,3730,Boosey
1589,Moira,3730,Bundalong
1590,Moira,3730,Bundalong South
1591,Moira,3730,Burramine
1592,Moira,3730,Esmond
1593,Moira,3730,Telford
1594,Moira,3730,Yarrawonga
1595,Moira,3730,Yarrawonga South
1596,Monash,3125,Burwood
1597,Monash,3147,Ashwood
1598,Monash,3148,Chadstone
1599,Monash,3149,Mount Waverley
1600,Monash,3150,Glen Waverley
1601,Monash,3150,Wheelers Hill
1602,Monash,3166,Hughesdale
1603,Monash,3166,Huntingdale
1604,Monash,3166,Oakleigh
1605,Monash,3166,Oakleigh East
1606,Monash,3167,Oakleigh South
1607,Monash,3168,Clayton
1608,Monash,3168,Notting Hill
1609,Monash,3170,Mulgrave
1610,Moonee Valley,3031,Flemington
1611,Moonee Valley,3031,Kensington
1612,Moonee Valley,3032,Ascot Vale
1613,Moonee Valley,3032,Travancore
1614,Moonee Valley,3033,Keilor East
1615,Moonee Valley,3034,Avondale Heights
1616,Moonee Valley,3039,Moonee Ponds
1617,Moonee Valley,3040,Aberfeldie
1618,Moonee Valley,3040,Essendon
1619,Moonee Valley,3040,Essendon West
1620,Moonee Valley,3041,Essendon Fields
1621,Moonee Valley,3041,Essendon North
1622,Moonee Valley,3041,Strathmore
1623,Moonee Valley,3041,Strathmore Heights
1624,Moonee Valley,3042,Airport West
1625,Moonee Valley,3042,Niddrie
1626,Moorabool,3334,Bungal
1627,Moorabool,3334,Cargerie
1628,Moorabool,3334,Elaine
1629,Moorabool,3334,Morrisons
1630,Moorabool,3334,Mount Doran
1631,Moorabool,3340,Bacchus Marsh
1632,Moorabool,3340,Balliang
1633,Moorabool,3340,Balliang East
1634,Moorabool,3340,Coimadai
1635,Moorabool,3340,Darley
1636,Moorabool,3340,Glenmore
1637,Moorabool,3340,Hopetoun Park
1638,Moorabool,3340,Long Forest
1639,Moorabool,3340,Maddingley
1640,Moorabool,3340,Merrimu
1641,Moorabool,3340,Parwan
1642,Moorabool,3340,Rowsley
1643,Moorabool,3341,Dales Creek
1644,Moorabool,3341,Greendale
1645,Moorabool,3341,Myrniong
1646,Moorabool,3341,Pentland Hills
1647,Moorabool,3342,Ballan
1648,Moorabool,3342,Blakeville
1649,Moorabool,3342,Bunding
1650,Moorabool,3342,Fiskville
1651,Moorabool,3342,Ingliston
1652,Moorabool,3342,Mount Wallace
1653,Moorabool,3345,Gordon
1654,Moorabool,3352,Bolwarrah
1655,Moorabool,3352,Bullarook
1656,Moorabool,3352,Bungaree
1657,Moorabool,3352,Clarendon
1658,Moorabool,3352,Claretown
1659,Moorabool,3352,Clarkes Hill
1660,Moorabool,3352,Dunnstown
1661,Moorabool,3352,Durham Lead
1662,Moorabool,3352,Glen Park
1663,Moorabool,3352,Grenville
1664,Moorabool,3352,Lal Lal
1665,Moorabool,3352,Leigh Creek
1666,Moorabool,3352,Millbrook
1667,Moorabool,3352,Mollongghip
1668,Moorabool,3352,Mount Egerton
1669,Moorabool,3352,Navigators
1670,Moorabool,3352,Pootilla
1671,Moorabool,3352,Springbank
1672,Moorabool,3352,Wallace
1673,Moorabool,3352,Warrenheip
1674,Moorabool,3352,Wattle Flat
1675,Moorabool,3352,Yendon
1676,Moorabool,3357,Buninyong
1677,Moorabool,3364,Barkstead
1678,Moorabool,3458,Barrys Reef
1679,Moorabool,3458,Blackwood
1680,Moorabool,3458,Lerderderg
1681,Moorabool,3461,Korweinguboora
1682,Mornington Peninsula,3911,Baxter
1683,Mornington Peninsula,3912,Pearcedale
1684,Mornington Peninsula,3912,Somerville
1685,Mornington Peninsula,3913,Tyabb
1686,Mornington Peninsula,3915,Hastings
1687,Mornington Peninsula,3915,Tuerong
1688,Mornington Peninsula,3916,Merricks
1689,Mornington Peninsula,3916,Point Leo
1690,Mornington Peninsula,3916,Shoreham
1691,Mornington Peninsula,3918,Bittern
1692,Mornington Peninsula,3919,Crib Point
1693,Mornington Peninsula,3920,Hmas Cerberus
1694,Mornington Peninsula,3926,Balnarring
1695,Mornington Peninsula,3926,Balnarring Beach
1696,Mornington Peninsula,3926,Merricks Beach
1697,Mornington Peninsula,3926,Merricks North
1698,Mornington Peninsula,3927,Somers
1699,Mornington Peninsula,3928,Main Ridge
1700,Mornington Peninsula,3929,Flinders
1701,Mornington Peninsula,3930,Mount Eliza
1702,Mornington Peninsula,3931,Mornington
1703,Mornington Peninsula,3933,Moorooduc
1704,Mornington Peninsula,3934,Mount Martha
1705,Mornington Peninsula,3936,Arthurs Seat
1706,Mornington Peninsula,3936,Dromana
1707,Mornington Peninsula,3936,Safety Beach
1708,Mornington Peninsula,3937,Red Hill
1709,Mornington Peninsula,3937,Red Hill South
1710,Mornington Peninsula,3938,McCrae
1711,Mornington Peninsula,3939,Boneo
1712,Mornington Peninsula,3939,Cape Schanck
1713,Mornington Peninsula,3939,Fingal
1714,Mornington Peninsula,3939,Rosebud
1715,Mornington Peninsula,3940,Capel Sound
1716,Mornington Peninsula,3941,Rye
1717,Mornington Peninsula,3941,St Andrews Beach
1718,Mornington Peninsula,3941,Tootgarook
1719,Mornington Peninsula,3942,Blairgowrie
1720,Mornington Peninsula,3943,Sorrento
1721,Mornington Peninsula,3944,Portsea
1722,Mount Alexander,3364,Campbelltown
1723,Mount Alexander,3364,Werona
1724,Mount Alexander,3444,Barfold
1725,Mount Alexander,3444,Langley
1726,Mount Alexander,3444,Redesdale
1727,Mount Alexander,3447,Taradale
1728,Mount Alexander,3448,Elphinstone
1729,Mount Alexander,3448,Metcalfe
1730,Mount Alexander,3448,Sutton Grange
1731,Mount Alexander,3450,Castlemaine
1732,Mount Alexander,3451,Barkers Creek
1733,Mount Alexander,3451,Campbells Creek
1734,Mount Alexander,3451,Chewton
1735,Mount Alexander,3451,Chewton Bushlands
1736,Mount Alexander,3451,Faraday
1737,Mount Alexander,3451,Fryerstown
1738,Mount Alexander,3451,Glenluce
1739,Mount Alexander,3451,Golden Point
1740,Mount Alexander,3451,Guildford
1741,Mount Alexander,3451,Irishtown
1742,Mount Alexander,3451,McKenzie Hill
1743,Mount Alexander,3451,Muckleford
1744,Mount Alexander,3451,Vaughan
1745,Mount Alexander,3451,Yapeen
1746,Mount Alexander,3453,Harcourt
1747,Mount Alexander,3453,Harcourt North
1748,Mount Alexander,3453,Ravenswood South
1749,Mount Alexander,3461,Strangways
1750,Mount Alexander,3462,Green Gully
1751,Mount Alexander,3462,Muckleford South
1752,Mount Alexander,3462,Newstead
1753,Mount Alexander,3462,Welshmans Reef
1754,Mount Alexander,3463,Baringhup
1755,Mount Alexander,3463,Gower
1756,Mount Alexander,3463,Maldon
1757,Mount Alexander,3463,Nuggetty
1758,Mount Alexander,3463,Tarrengower
1759,Mount Alexander,3463,Walmer
1760,Mount Alexander,3551,Myrtle Creek
1761,Moyne,3265,Cudgee
1762,Moyne,3265,Ellerslie
1763,Moyne,3265,Framlingham
1764,Moyne,3265,Framlingham East
1765,Moyne,3265,Garvoc
1766,Moyne,3265,Laang
1767,Moyne,3265,Panmure
1768,Moyne,3265,Taroon
1769,Moyne,3265,The Sisters
1770,Moyne,3268,Nirranda
1771,Moyne,3268,Nirranda East
1772,Moyne,3268,Nirranda South
1773,Moyne,3268,Nullawarre
1774,Moyne,3268,Nullawarre North
1775,Moyne,3270,Peterborough
1776,Moyne,3271,Darlington
1777,Moyne,3271,Dundonnell
1778,Moyne,3272,Mortlake
1779,Moyne,3272,Woorndoo
1780,Moyne,3273,Hexham
1781,Moyne,3274,Caramut
1782,Moyne,3275,Mailors Flat
1783,Moyne,3276,Woolsthorpe
1784,Moyne,3277,Allansford
1785,Moyne,3277,Mepunga
1786,Moyne,3277,Mepunga East
1787,Moyne,3277,Naringal
1788,Moyne,3277,Naringal East
1789,Moyne,3278,Purnim
1790,Moyne,3279,Ballangeich
1791,Moyne,3279,Wangoom
1792,Moyne,3281,Bushfield
1793,Moyne,3281,Grassmere
1794,Moyne,3281,Winslow
1795,Moyne,3282,Illowa
1796,Moyne,3282,Koroit
1797,Moyne,3283,Crossley
1798,Moyne,3283,Killarney
1799,Moyne,3283,Kirkstall
1800,Moyne,3283,Tarrone
1801,Moyne,3283,Tower Hill
1802,Moyne,3283,Yangery
1803,Moyne,3284,Orford
1804,Moyne,3284,Port Fairy
1805,Moyne,3285,Codrington
1806,Moyne,3285,Rosebrook
1807,Moyne,3285,Toolong
1808,Moyne,3285,Yambuk
1809,Moyne,3286,Knebsworth
1810,Moyne,3286,Macarthur
1811,Moyne,3287,Hawkesdale
1812,Moyne,3287,Minhamite
1813,Moyne,3289,Gerrigerrup
1814,Moyne,3301,Broadwater
1815,Moyne,3301,Byaduk
1816,Moyne,3304,Bessiebelle
1817,Murrindindi,3658,Strath Creek
1818,Murrindindi,3660,Highlands
1819,Murrindindi,3660,Kerrisdale
1820,Murrindindi,3711,Buxton
1821,Murrindindi,3712,Rubicon
1822,Murrindindi,3712,Thornton
1823,Murrindindi,3713,Eildon
1824,Murrindindi,3713,Taylor Bay
1825,Murrindindi,3714,Acheron
1826,Murrindindi,3714,Alexandra
1827,Murrindindi,3714,Devils River
1828,Murrindindi,3714,Fawcett
1829,Murrindindi,3714,Koriella
1830,Murrindindi,3714,Maintongoon
1831,Murrindindi,3714,Taggerty
1832,Murrindindi,3714,Whanregarwen
1833,Murrindindi,3717,Flowerdale
1834,Murrindindi,3717,Ghin Ghin
1835,Murrindindi,3717,Glenburn
1836,Murrindindi,3717,Homewood
1837,Murrindindi,3717,Killingworth
1838,Murrindindi,3717,Murrindindi
1839,Murrindindi,3717,Yea
1840,Murrindindi,3718,Molesworth
1841,Murrindindi,3719,Gobur
1842,Murrindindi,3719,Kanumbra
1843,Murrindindi,3719,Terip Terip
1844,Murrindindi,3719,Yarck
1845,Murrindindi,3757,Kinglake Central
1846,Murrindindi,3757,Kinglake West
1847,Murrindindi,3757,Pheasant Creek
1848,Murrindindi,3763,Kinglake
1849,Murrindindi,3777,Castella
1850,Murrindindi,3777,Toolangi
1851,Murrindindi,3778,Narbethong
1852,Murrindindi,3779,Marysville
1853,Nillumbik,3088,Greensborough
1854,Nillumbik,3089,Diamond Creek
1855,Nillumbik,3090,Plenty
1856,Nillumbik,3091,Yarrambat
1857,Nillumbik,3095,Eltham
1858,Nillumbik,3095,Eltham North
1859,Nillumbik,3095,Research
1860,Nillumbik,3096,Wattle Glen
1861,Nillumbik,3097,Kangaroo Ground
1862,Nillumbik,3097,Watsons Creek
1863,Nillumbik,3099,Arthurs Creek
1864,Nillumbik,3099,Cottles Bridge
1865,Nillumbik,3099,Hurstbridge
1866,Nillumbik,3099,Nutfield
1867,Nillumbik,3099,Strathewen
1868,Nillumbik,3113,North Warrandyte
1869,Nillumbik,3754,Doreen
1870,Nillumbik,3759,Panton Hill
1871,Nillumbik,3760,Smiths Gully
1872,Nillumbik,3761,St Andrews
1873,Nillumbik,3775,Christmas Hills
1874,Northern Grampians,3374,Great Western
1875,Northern Grampians,3377,Bulgana
1876,Northern Grampians,3380,Stawell
1877,Northern Grampians,3381,Bellellen
1878,Northern Grampians,3381,Black Range
1879,Northern Grampians,3381,Fyans Creek
1880,Northern Grampians,3381,Halls Gap
1881,Northern Grampians,3381,Illawarra
1882,Northern Grampians,3381,Lake Fyans
1883,Northern Grampians,3381,Lake Lonsdale
1884,Northern Grampians,3381,Mokepilly
1885,Northern Grampians,3384,Concongella
1886,Northern Grampians,3384,Joel Joel
1887,Northern Grampians,3384,Navarre
1888,Northern Grampians,3385,Dadswells Bridge
1889,Northern Grampians,3385,Deep Lead
1890,Northern Grampians,3385,Glenorchy
1891,Northern Grampians,3385,Ledcourt
1892,Northern Grampians,3385,Riachella
1893,Northern Grampians,3385,Wal Wal
1894,Northern Grampians,3387,Greens Creek
1895,Northern Grampians,3387,Kanya
1896,Northern Grampians,3387,Marnoo
1897,Northern Grampians,3388,Banyena
1898,Northern Grampians,3401,Laharum
1899,Northern Grampians,3401,Wartook
1900,Northern Grampians,3475,Logan
1901,Northern Grampians,3477,Avon Plains
1902,Northern Grampians,3477,Carapooee
1903,Northern Grampians,3477,Carapooee West
1904,Northern Grampians,3477,Coonooer West
1905,Northern Grampians,3477,Gre Gre North
1906,Northern Grampians,3477,Gre Gre South
1907,Northern Grampians,3477,Kooreh
1908,Northern Grampians,3477,Moyreisk
1909,Northern Grampians,3477,Paradise
1910,Northern Grampians,3477,Redbank
1911,Northern Grampians,3477,Slaty Creek
1912,Northern Grampians,3477,St Arnaud East
1913,Northern Grampians,3477,St Arnaud North
1914,Northern Grampians,3477,Stuart Mill
1915,Northern Grampians,3478,St Arnaud
1916,Northern Grampians,3480,Cope Cope
1917,Northern Grampians,3480,Rich Avon West
1918,Port Phillip,3004,Melbourne
1919,Port Phillip,3004,Windsor
1920,Port Phillip,3006,Southbank
1921,Port Phillip,3181,Melbourne
1922,Port Phillip,3181,Windsor
1923,Port Phillip,3182,St Kilda
1924,Port Phillip,3182,St Kilda West
1925,Port Phillip,3183,Balaclava
1926,Port Phillip,3183,St Kilda East
1927,Port Phillip,3184,Elwood
1928,Port Phillip,3185,Ripponlea
1929,Port Phillip,3205,South Melbourne
1930,Port Phillip,3206,Albert Park
1931,Port Phillip,3206,Middle Park
1932,Port Phillip,3207,Port Melbourne
1933,Pyrenees,3351,Carngham
1934,Pyrenees,3351,Chepstowe
1935,Pyrenees,3351,Hillcrest
1936,Pyrenees,3351,Snake Valley
1937,Pyrenees,3351,Streatham
1938,Pyrenees,3352,Burrumbeet
1939,Pyrenees,3352,Ercildoune
1940,Pyrenees,3352,Glenbrae
1941,Pyrenees,3352,Lamplough
1942,Pyrenees,3352,Langi Kal Kal
1943,Pyrenees,3352,Lexton
1944,Pyrenees,3352,Waubra
1945,Pyrenees,3360,Linton
1946,Pyrenees,3361,Carranballac
1947,Pyrenees,3361,Skipton
1948,Pyrenees,3371,Burnbank
1949,Pyrenees,3373,Beaufort
1950,Pyrenees,3373,Lake Goldsmith
1951,Pyrenees,3373,Main Lead
1952,Pyrenees,3373,Mena Park
1953,Pyrenees,3373,Raglan
1954,Pyrenees,3373,Stoneleigh
1955,Pyrenees,3373,Trawalla
1956,Pyrenees,3373,Waterloo
1957,Pyrenees,3375,Middle Creek
1958,Pyrenees,3377,Crowlands
1959,Pyrenees,3384,Barkly
1960,Pyrenees,3384,Landsborough
1961,Pyrenees,3465,Bung Bong
1962,Pyrenees,3465,Homebush
1963,Pyrenees,3465,Natte Yallock
1964,Pyrenees,3465,Rathscar West
1965,Pyrenees,3467,Avoca
1966,Pyrenees,3468,Amphitheatre
1967,Pyrenees,3469,Elmhurst
1968,Pyrenees,3469,Glenpatrick
1969,Pyrenees,3477,Redbank
1970,Pyrenees,3478,Moonambel
1971,Pyrenees,3478,Percydale
1972,Pyrenees,3478,Warrenmang
1973,Queenscliffe,3225,Point Lonsdale
1974,Queenscliffe,3225,Queenscliff
1975,South Gippsland,3871,Baromi
1976,South Gippsland,3871,Darlimurla
1977,South Gippsland,3871,Delburn
1978,South Gippsland,3871,Mirboo
1979,South Gippsland,3871,Mirboo North
1980,South Gippsland,3945,Jeetho
1981,South Gippsland,3945,Loch
1982,South Gippsland,3946,Bena
1983,South Gippsland,3950,Kardella South
1984,South Gippsland,3950,Korumburra
1985,South Gippsland,3950,Korumburra South
1986,South Gippsland,3950,Strzelecki
1987,South Gippsland,3950,Whitelaw
1988,South Gippsland,3951,Fairbank
1989,South Gippsland,3951,Jumbunna
1990,South Gippsland,3951,Kardella
1991,South Gippsland,3951,Kongwak
1992,South Gippsland,3951,Outtrim
1993,South Gippsland,3951,Ranceby
1994,South Gippsland,3953,Berrys Creek
1995,South Gippsland,3953,Hallston
1996,South Gippsland,3953,Koorooman
1997,South Gippsland,3953,Leongatha
1998,South Gippsland,3953,Leongatha North
1999,South Gippsland,3953,Leongatha South
2000,South Gippsland,3953,Mardan
2001,South Gippsland,3953,Nerrena
2002,South Gippsland,3953,Ruby
2003,South Gippsland,3953,Trida
2004,South Gippsland,3953,Wild Dog Valley
2005,South Gippsland,3953,Wooreen
2006,South Gippsland,3954,Koonwarra
2007,South Gippsland,3956,Dumbalk
2008,South Gippsland,3956,Dumbalk North
2009,South Gippsland,3956,Meeniyan
2010,South Gippsland,3956,Middle Tarwin
2011,South Gippsland,3956,Tarwin
2012,South Gippsland,3956,Tarwin Lower
2013,South Gippsland,3956,Venus Bay
2014,South Gippsland,3956,Walkerville
2015,South Gippsland,3957,Stony Creek
2016,South Gippsland,3958,Buffalo
2017,South Gippsland,3959,Fish Creek
2018,South Gippsland,3959,Sandy Point
2019,South Gippsland,3959,Waratah Bay
2020,South Gippsland,3960,Bennison
2021,South Gippsland,3960,Foster
2022,South Gippsland,3960,Foster North
2023,South Gippsland,3960,Turtons Creek
2024,South Gippsland,3960,Wilsons Promontory
2025,South Gippsland,3960,Wonga
2026,South Gippsland,3960,Woorarra West
2027,South Gippsland,3960,Yanakie
2028,South Gippsland,3962,Agnes
2029,South Gippsland,3962,Toora
2030,South Gippsland,3962,Toora North
2031,South Gippsland,3962,Woorarra East
2032,South Gippsland,3964,Port Franklin
2033,South Gippsland,3965,Port Welshpool
2034,South Gippsland,3966,Binginwarri
2035,South Gippsland,3966,Hazel Park
2036,South Gippsland,3966,Welshpool
2037,South Gippsland,3967,Hedley
2038,South Gippsland,3987,Nyora
2039,South Gippsland,3988,Poowong
2040,South Gippsland,3988,Poowong East
2041,South Gippsland,3988,Poowong North
2042,South Gippsland,3996,Pound Creek
2043,Southern Grampians,3289,Penshurst
2044,Southern Grampians,3293,Glenthompson
2045,Southern Grampians,3293,Nareeb
2046,Southern Grampians,3294,Dunkeld
2047,Southern Grampians,3294,Moutajup
2048,Southern Grampians,3294,Victoria Valley
2049,Southern Grampians,3300,Byaduk North
2050,Southern Grampians,3300,Hamilton
2051,Southern Grampians,3301,Bochara
2052,Southern Grampians,3301,Byaduk
2053,Southern Grampians,3301,Hensley Park
2054,Southern Grampians,3301,Tarrington
2055,Southern Grampians,3301,Wannon
2056,Southern Grampians,3301,Warrayure
2057,Southern Grampians,3301,Yatchaw
2058,Southern Grampians,3301,Yulecart
2059,Southern Grampians,3302,Branxholme
2060,Southern Grampians,3314,Cavendish
2061,Southern Grampians,3314,Glenisla
2062,Southern Grampians,3314,Grampians
2063,Southern Grampians,3314,Mooralla
2064,Southern Grampians,3315,Clover Flat
2065,Southern Grampians,3315,Coleraine
2066,Southern Grampians,3315,Konongwootong
2067,Southern Grampians,3315,Nareen
2068,Southern Grampians,3315,Wootong Vale
2069,Southern Grampians,3407,Balmoral
2070,Southern Grampians,3407,Vasey
2071,Stonnington,3141,South Yarra
2072,Stonnington,3142,Toorak
2073,Stonnington,3143,Armadale
2074,Stonnington,3143,Prahran
2075,Stonnington,3144,Kooyong
2076,Stonnington,3144,Malvern
2077,Stonnington,3145,Malvern East
2078,Stonnington,3146,Glen Iris
2079,Stonnington,3181,Prahran
2080,Stonnington,3181,Windsor
2081,Strathbogie,3523,Moormbool West
2082,Strathbogie,3607,Tabilk
2083,Strathbogie,3608,Bailieston
2084,Strathbogie,3608,Goulburn Weir
2085,Strathbogie,3608,Graytown
2086,Strathbogie,3608,Kirwans Bridge
2087,Strathbogie,3608,Mitchellstown
2088,Strathbogie,3608,Nagambie
2089,Strathbogie,3608,Wahring
2090,Strathbogie,3612,Whroo
2091,Strathbogie,3631,Arcadia South
2092,Strathbogie,3663,Mangalore
2093,Strathbogie,3664,Avenel
2094,Strathbogie,3665,Locksley
2095,Strathbogie,3665,Longwood
2096,Strathbogie,3666,Balmattum
2097,Strathbogie,3666,Creightons Creek
2098,Strathbogie,3666,Euroa
2099,Strathbogie,3666,Gooram
2100,Strathbogie,3666,Longwood East
2101,Strathbogie,3666,Miepoll
2102,Strathbogie,3666,Molka
2103,Strathbogie,3666,Pranjip
2104,Strathbogie,3666,Sheans Creek
2105,Strathbogie,3666,Strathbogie
2106,Strathbogie,3666,Tarcombe
2107,Strathbogie,3669,Boho
2108,Strathbogie,3669,Boho South
2109,Strathbogie,3669,Earlston
2110,Strathbogie,3669,Koonda
2111,Strathbogie,3669,Tamleugh
2112,Strathbogie,3669,Upotipotpon
2113,Strathbogie,3669,Violet Town
2114,Strathbogie,3670,Baddaginnie
2115,Surf Coast,3217,Freshwater Creek
2116,Surf Coast,3217,Mount Duneed
2117,Surf Coast,3221,Barrabool
2118,Surf Coast,3221,Gnarwarre
2119,Surf Coast,3227,Breamlea
2120,Surf Coast,3227,Connewarre
2121,Surf Coast,3228,Bellbrae
2122,Surf Coast,3228,Bells Beach
2123,Surf Coast,3228,Jan Juc
2124,Surf Coast,3228,Torquay
2125,Surf Coast,3230,Anglesea
2126,Surf Coast,3231,Aireys Inlet
2127,Surf Coast,3231,Eastern View
2128,Surf Coast,3231,Fairhaven
2129,Surf Coast,3231,Moggs Creek
2130,Surf Coast,3232,Lorne
2131,Surf Coast,3235,Boonah
2132,Surf Coast,3235,Deans Marsh
2133,Surf Coast,3240,Buckley
2134,Surf Coast,3240,Gherang
2135,Surf Coast,3240,Modewarre
2136,Surf Coast,3240,Moriac
2137,Surf Coast,3240,Mount Moriac
2138,Surf Coast,3240,Paraparap
2139,Surf Coast,3241,Bambra
2140,Surf Coast,3241,Wensleydale
2141,Surf Coast,3241,Winchelsea
2142,Surf Coast,3241,Winchelsea South
2143,Surf Coast,3241,Wurdiboluc
2144,Swan Hill,3544,Ultima
2145,Swan Hill,3544,Waitchie
2146,Swan Hill,3546,Chinkapook
2147,Swan Hill,3546,Manangatang
2148,Swan Hill,3549,Annuello
2149,Swan Hill,3549,Bannerton
2150,Swan Hill,3549,Robinvale
2151,Swan Hill,3549,Tol Tol
2152,Swan Hill,3579,Beauchamp
2153,Swan Hill,3583,Tresco
2154,Swan Hill,3584,Lake Boga
2155,Swan Hill,3584,Tresco West
2156,Swan Hill,3585,Castle Donnington
2157,Swan Hill,3585,Pira
2158,Swan Hill,3585,Swan Hill
2159,Swan Hill,3585,Winlaton
2160,Swan Hill,3586,Murrawee
2161,Swan Hill,3586,Murraydale
2162,Swan Hill,3586,Pental Island
2163,Swan Hill,3586,Tyntynder
2164,Swan Hill,3586,Tyntynder South
2165,Swan Hill,3588,Woorinen South
2166,Swan Hill,3589,Woorinen
2167,Swan Hill,3589,Woorinen North
2168,Swan Hill,3590,Beverford
2169,Swan Hill,3591,Vinifera
2170,Swan Hill,3594,Nyah
2171,Swan Hill,3595,Nyah West
2172,Swan Hill,3596,Towan
2173,Swan Hill,3596,Wood Wood
2174,Swan Hill,3597,Kenley
2175,Swan Hill,3597,Kooloonong
2176,Swan Hill,3597,Lake Powell
2177,Swan Hill,3597,Natya
2178,Swan Hill,3597,Piangil
2179,Swan Hill,3599,Boundary Bend
2180,Towong,3691,Bellbridge
2181,Towong,3691,Bethanga
2182,Towong,3691,Lucyvale
2183,Towong,3691,Talgarno
2184,Towong,3700,Bullioh
2185,Towong,3700,Georges Creek
2186,Towong,3700,Tallangatta
2187,Towong,3700,Tallangatta East
2188,Towong,3701,Dartmouth
2189,Towong,3701,Eskdale
2190,Towong,3701,Granya
2191,Towong,3701,Mitta Mitta
2192,Towong,3701,Shelley
2193,Towong,3701,Tallangatta South
2194,Towong,3701,Tallangatta Valley
2195,Towong,3705,Cudgewa
2196,Towong,3707,Colac Colac
2197,Towong,3707,Corryong
2198,Towong,3707,Nariel Valley
2199,Towong,3707,Thowgla Valley
2200,Towong,3707,Towong
2201,Towong,3708,Tintaldra
2202,Towong,3709,Guys Forest
2203,Towong,3709,Walwa
2204,Wangaratta,3675,Boweya
2205,Wangaratta,3675,Glenrowan
2206,Wangaratta,3675,Greta
2207,Wangaratta,3675,Greta South
2208,Wangaratta,3675,Greta West
2209,Wangaratta,3675,Hansonville
2210,Wangaratta,3677,Wangaratta
2211,Wangaratta,3678,Bobinawarrah
2212,Wangaratta,3678,Boorhaman
2213,Wangaratta,3678,Boorhaman East
2214,Wangaratta,3678,Byawatha
2215,Wangaratta,3678,Carboor
2216,Wangaratta,3678,Cheshunt
2217,Wangaratta,3678,Docker
2218,Wangaratta,3678,Dockers Plains
2219,Wangaratta,3678,East Wangaratta
2220,Wangaratta,3678,Edi
2221,Wangaratta,3678,Edi Upper
2222,Wangaratta,3678,Everton
2223,Wangaratta,3678,Everton Upper
2224,Wangaratta,3678,Killawarra
2225,Wangaratta,3678,King Valley
2226,Wangaratta,3678,Laceby
2227,Wangaratta,3678,Markwood
2228,Wangaratta,3678,Meadow Creek
2229,Wangaratta,3678,Milawa
2230,Wangaratta,3678,North Wangaratta
2231,Wangaratta,3678,Oxley
2232,Wangaratta,3678,Peechelba
2233,Wangaratta,3678,Peechelba East
2234,Wangaratta,3678,Rose River
2235,Wangaratta,3678,Tarrawingee
2236,Wangaratta,3678,Wabonga
2237,Wangaratta,3678,Waldara
2238,Wangaratta,3678,Wangandary
2239,Wangaratta,3678,Wangaratta South
2240,Wangaratta,3678,Whitlands
2241,Wangaratta,3682,Boralma
2242,Wangaratta,3682,Springhurst
2243,Wangaratta,3685,Boorhaman North
2244,Wangaratta,3723,Archerton
2245,Wangaratta,3732,Moyhu
2246,Wangaratta,3732,Myrrhee
2247,Wangaratta,3733,Whitfield
2248,Wangaratta,3735,Bowmans Forest
2249,Wangaratta,3735,Whorouly
2250,Wangaratta,3735,Whorouly East
2251,Wangaratta,3746,Eldorado
2252,Wangaratta,3747,Murmungee
2253,Warrnambool,3277,Allansford
2254,Warrnambool,3280,Dennington
2255,Warrnambool,3280,Warrnambool
2256,Warrnambool,3281,Bushfield
2257,Warrnambool,3281,Woodford
2258,Wellington,3844,Callignee North
2259,Wellington,3844,Callignee South
2260,Wellington,3844,Carrajung
2261,Wellington,3844,Carrajung Lower
2262,Wellington,3844,Flynn
2263,Wellington,3847,Hiamdale
2264,Wellington,3847,Nambrok
2265,Wellington,3847,Rosedale
2266,Wellington,3847,Willung
2267,Wellington,3847,Willung South
2268,Wellington,3850,Sale
2269,Wellington,3850,Wurruk
2270,Wellington,3851,Airly
2271,Wellington,3851,Bundalaguah
2272,Wellington,3851,Clydebank
2273,Wellington,3851,Cobains
2274,Wellington,3851,Darriman
2275,Wellington,3851,Dutson
2276,Wellington,3851,Dutson Downs
2277,Wellington,3851,Fulham
2278,Wellington,3851,Giffard
2279,Wellington,3851,Giffard West
2280,Wellington,3851,Glomar Beach
2281,Wellington,3851,Golden Beach
2282,Wellington,3851,Kilmany
2283,Wellington,3851,Loch Sport
2284,Wellington,3851,Longford
2285,Wellington,3851,Montgomery
2286,Wellington,3851,Myrtlebank
2287,Wellington,3851,Paradise Beach
2288,Wellington,3851,Pearsondale
2289,Wellington,3851,Seacombe
2290,Wellington,3851,Seaspray
2291,Wellington,3851,Stradbroke
2292,Wellington,3851,The Heart
2293,Wellington,3851,The Honeysuckles
2294,Wellington,3852,East Sale
2295,Wellington,3854,Glengarry
2296,Wellington,3856,Toongabbie
2297,Wellington,3857,Cowwarr
2298,Wellington,3858,Denison
2299,Wellington,3858,Glenmaggie
2300,Wellington,3858,Heyfield
2301,Wellington,3858,Licola
2302,Wellington,3858,Seaton
2303,Wellington,3858,Winnindoo
2304,Wellington,3859,Maffra West Upper
2305,Wellington,3859,Newry
2306,Wellington,3859,Tinamba
2307,Wellington,3860,Boisdale
2308,Wellington,3860,Briagolong
2309,Wellington,3860,Bushy Park
2310,Wellington,3860,Coongulla
2311,Wellington,3860,Maffra
2312,Wellington,3860,Monomak
2313,Wellington,3860,Riverslea
2314,Wellington,3860,Valencia Creek
2315,Wellington,3862,Crooked River
2316,Wellington,3862,Dargo
2317,Wellington,3862,Hollands Landing
2318,Wellington,3862,Llowalong
2319,Wellington,3862,Meerlieu
2320,Wellington,3862,Munro
2321,Wellington,3862,Perry Bridge
2322,Wellington,3862,Stockdale
2323,Wellington,3862,Stratford
2324,Wellington,3864,Fernbank
2325,Wellington,3873,Gormandale
2326,Wellington,3874,McLoughlins Beach
2327,Wellington,3874,Woodside
2328,Wellington,3874,Woodside Beach
2329,Wellington,3966,Binginwarri
2330,Wellington,3967,Hedley
2331,Wellington,3971,Alberton
2332,Wellington,3971,Alberton West
2333,Wellington,3971,Balook
2334,Wellington,3971,Devon North
2335,Wellington,3971,Gelliondale
2336,Wellington,3971,Hiawatha
2337,Wellington,3971,Jack River
2338,Wellington,3971,Langsborough
2339,Wellington,3971,Macks Creek
2340,Wellington,3971,Madalya
2341,Wellington,3971,Port Albert
2342,Wellington,3971,Robertsons Beach
2343,Wellington,3971,Tarra Valley
2344,Wellington,3971,Tarraville
2345,Wellington,3971,Won Wron
2346,Wellington,3971,Yarram
2347,West Wimmera,3312,Chetwynd
2348,West Wimmera,3312,Dergholm
2349,West Wimmera,3312,Dorodong
2350,West Wimmera,3317,Harrow
2351,West Wimmera,3318,Edenhope
2352,West Wimmera,3318,Ullswater
2353,West Wimmera,3319,Apsley
2354,West Wimmera,3319,Benayeo
2355,West Wimmera,3319,Bringalbert
2356,West Wimmera,3401,Gymbowen
2357,West Wimmera,3412,Goroke
2358,West Wimmera,3419,Kaniva
2359,West Wimmera,3420,Lillimur
2360,West Wimmera,3420,Serviceton
2361,West Wimmera,3420,Telopea Downs
2362,Whitehorse,3104,Balwyn North
2363,Whitehorse,3125,Burwood
2364,Whitehorse,3127,Mont Albert
2365,Whitehorse,3127,Surrey Hills
2366,Whitehorse,3128,Box Hill
2367,Whitehorse,3128,Box Hill South
2368,Whitehorse,3129,Box Hill North
2369,Whitehorse,3129,Mont Albert North
2370,Whitehorse,3130,Blackburn
2371,Whitehorse,3130,Blackburn North
2372,Whitehorse,3130,Blackburn South
2373,Whitehorse,3131,Forest Hill
2374,Whitehorse,3131,Nunawading
2375,Whitehorse,3132,Mitcham
2376,Whitehorse,3133,Vermont
2377,Whitehorse,3133,Vermont South
2378,Whitehorse,3151,Burwood East
2379,Whittlesea,3064,Donnybrook
2380,Whittlesea,3074,Thomastown
2381,Whittlesea,3075,Lalor
2382,Whittlesea,3076,Epping
2383,Whittlesea,3082,Mill Park
2384,Whittlesea,3083,Bundoora
2385,Whittlesea,3750,Wollert
2386,Whittlesea,3751,Woodstock
2387,Whittlesea,3752,South Morang
2388,Whittlesea,3753,Beveridge
2389,Whittlesea,3754,Doreen
2390,Whittlesea,3754,Mernda
2391,Whittlesea,3755,Yan Yean
2392,Whittlesea,3757,Eden Park
2393,Whittlesea,3757,Humevale
2394,Whittlesea,3757,Kinglake West
2395,Whittlesea,3757,Whittlesea
2396,Wodonga,3690,West Wodonga
2397,Wodonga,3690,Wodonga
2398,Wodonga,3691,Bandiana
2399,Wodonga,3691,Baranduda
2400,Wodonga,3691,Barnawartha North
2401,Wodonga,3691,Bonegilla
2402,Wodonga,3691,Castle Creek
2403,Wodonga,3691,Ebden
2404,Wodonga,3691,Gateway Island
2405,Wodonga,3691,Huon Creek
2406,Wodonga,3691,Killara
2407,Wodonga,3691,Leneva
2408,Wyndham,3024,Mambourin
2409,Wyndham,3024,Manor Lakes
2410,Wyndham,3024,Mount Cottrell
2411,Wyndham,3024,Wyndham Vale
2412,Wyndham,3026,Laverton North
2413,Wyndham,3027,Williams Landing
2414,Wyndham,3028,Laverton
2415,Wyndham,3029,Hoppers Crossing
2416,Wyndham,3029,Tarneit
2417,Wyndham,3029,Truganina
2418,Wyndham,3030,Cocoroc
2419,Wyndham,3030,Point Cook
2420,Wyndham,3030,Quandong
2421,Wyndham,3030,Werribee
2422,Wyndham,3030,Werribee South
2423,Wyndham,3211,Little River
2424,Wyndham,3338,Eynesbury
2425,Yarra,3054,Carlton North
2426,Yarra,3054,Princes Hill
2427,Yarra,3065,Fitzroy
2428,Yarra,3066,Clifton Hill
2429,Yarra,3066,Collingwood
2430,Yarra,3067,Abbotsford
2431,Yarra,3067,Clifton Hill
2432,Yarra,3068,Clifton Hill
2433,Yarra,3068,Fitzroy North
2434,Yarra,3078,Alphington
2435,Yarra,3078,Fairfield
2436,Yarra,3121,Burnley
2437,Yarra,3121,Cremorne
2438,Yarra,3121,Richmond
2439,Yarra Ranges,3115,Wonga Park
2440,Yarra Ranges,3116,Chirnside Park
2441,Yarra Ranges,3137,Kilsyth
2442,Yarra Ranges,3138,Mooroolbark
2443,Yarra Ranges,3139,Beenak
2444,Yarra Ranges,3139,Don Valley
2445,Yarra Ranges,3139,Hoddles Creek
2446,Yarra Ranges,3139,Launching Place
2447,Yarra Ranges,3139,Seville
2448,Yarra Ranges,3139,Seville East
2449,Yarra Ranges,3139,Wandin East
2450,Yarra Ranges,3139,Wandin North
2451,Yarra Ranges,3139,Woori Yallock
2452,Yarra Ranges,3139,Yellingbo
2453,Yarra Ranges,3140,Lilydale
2454,Yarra Ranges,3156,Lysterfield
2455,Yarra Ranges,3156,Upper Ferntree Gully
2456,Yarra Ranges,3158,Upwey
2457,Yarra Ranges,3159,Menzies Creek
2458,Yarra Ranges,3159,Selby
2459,Yarra Ranges,3160,Belgrave
2460,Yarra Ranges,3160,Belgrave Heights
2461,Yarra Ranges,3160,Belgrave South
2462,Yarra Ranges,3160,Tecoma
2463,Yarra Ranges,3765,Montrose
2464,Yarra Ranges,3766,Kalorama
2465,Yarra Ranges,3767,Mount Dandenong
2466,Yarra Ranges,3770,Coldstream
2467,Yarra Ranges,3770,Gruyere
2468,Yarra Ranges,3770,Yering
2469,Yarra Ranges,3775,Dixons Creek
2470,Yarra Ranges,3775,Tarrawarra
2471,Yarra Ranges,3775,Yarra Glen
2472,Yarra Ranges,3777,Badger Creek
2473,Yarra Ranges,3777,Chum Creek
2474,Yarra Ranges,3777,Healesville
2475,Yarra Ranges,3777,Toolangi
2476,Yarra Ranges,3778,Fernshaw
2477,Yarra Ranges,3782,Emerald
2478,Yarra Ranges,3782,Macclesfield
2479,Yarra Ranges,3785,Tremont
2480,Yarra Ranges,3786,Ferny Creek
2481,Yarra Ranges,3787,Sassafras
2482,Yarra Ranges,3788,Olinda
2483,Yarra Ranges,3789,Sherbrooke
2484,Yarra Ranges,3791,Kallista
2485,Yarra Ranges,3792,The Patch
2486,Yarra Ranges,3793,Monbulk
2487,Yarra Ranges,3795,Silvan
2488,Yarra Ranges,3796,Mount Evelyn
2489,Yarra Ranges,3797,Gilderoy
2490,Yarra Ranges,3797,Gladysdale
2491,Yarra Ranges,3797,Powelltown
2492,Yarra Ranges,3797,Three Bridges
2493,Yarra Ranges,3797,Yarra Junction
2494,Yarra Ranges,3799,East Warburton
2495,Yarra Ranges,3799,McMahons Creek
2496,Yarra Ranges,3799,Millgrove
2497,Yarra Ranges,3799,Reefton
2498,Yarra Ranges,3799,Warburton
2499,Yarra Ranges,3799,Wesburn
2500,Yarra Ranges,3804,Narre Warren East
2501,Yarriambiack,3385,Lubeck
2502,Yarriambiack,3388,Rupanyup
2503,Yarriambiack,3390,Kewell
2504,Yarriambiack,3390,Murtoa
2505,Yarriambiack,3391,Brim
2506,Yarriambiack,3392,Minyip
2507,Yarriambiack,3392,Sheep Hills
2508,Yarriambiack,3393,Bangerang
2509,Yarriambiack,3393,Cannum
2510,Yarriambiack,3393,Crymelon
2511,Yarriambiack,3393,Kellalac
2512,Yarriambiack,3393,Lah
2513,Yarriambiack,3393,Warracknabeal
2514,Yarriambiack,3393,Watchem West
2515,Yarriambiack,3395,Beulah
2516,Yarriambiack,3396,Hopetoun
2517,Yarriambiack,3401,Murra Warra
2518,Yarriambiack,3401,Wallup
2519,Yarriambiack,3424,Yaapeet
2520,Yarriambiack,3480,Areegra
2521,Yarriambiack,3485,Woomelang
2522,Yarriambiack,3487,Lascelles
2523,Yarriambiack,3488,Speed
2524,Yarriambiack,3488,Turriff
2525,Yarriambiack,3489,Tempy
2526,Yarriambiack,3491,Patchewollock
2527,Alpine,3691,Gundowring
2528,Alpine,3691,Upper Gundowring
2529,Alpine,3699,Bogong
2530,Alpine,3737,Merriang
2531,Alpine,3898,Dinner Plain
2532,Ararat,3271,Pura Pura
2533,Ararat,3374,Great Western
2534,Ararat,3375,Ballyrogan
2535,Ararat,3375,Bayindeen
2536,Ararat,3377,Crowlands
2537,Ararat,3377,Denicull Creek
2538,Ararat,3377,Dunneworthy
2539,Ararat,3377,Mount Cole Creek
2540,Ararat,3377,Norval
2541,Ararat,3378,Tatyoon
2542,Ararat,3381,Black Range
2543,Ararat,3469,Glenlogie
2544,Ballarat,3351,Bo Peep
2545,Ballarat,3352,Chapel Flat
2546,Ballarat,3352,Gong Gong
2547,Ballarat,3352,Mount Bolton
2548,Ballarat,3363,Creswick
2549,Bass Coast,3984,Tenby Point
2550,Bass Coast,3995,Anderson
2551,Baw Baw,3820,Lillico
2552,Baw Baw,3821,Ellinbank
2553,Baw Baw,3825,Caringal
2554,Baw Baw,3825,Jacob Creek
2555,Baw Baw,3825,Moe South
2556,Baw Baw,3825,Thomson
2557,Baw Baw,3825,Toombon
2558,Baw Baw,3832,Neerim Junction
2559,Baw Baw,3832,Neerim North
2560,Baw Baw,3833,Baw Baw
2561,Baw Baw,3950,Strzelecki
2562,Baw Baw,3988,Mountain View
2563,Benalla,3673,Samaria
2564,Benalla,3675,Mount Bruno
2565,Buloke,3480,Litchfield
2566,Buloke,3525,Buckrabanyule
2567,Buloke,3525,Wooroonook
2568,Buloke,3533,Bimbourie
2569,Buloke,3533,Lake Tyrrell
2570,Buloke,3533,Ninda
2571,Buloke,3533,Pier Milan
2572,Campaspe,3561,Diggora
2573,Campaspe,3572,Milloo
2574,Campaspe,3572,Tennyson
2575,Campaspe,3612,Whroo
2576,Cardinia,3814,Vervale
2577,Central Goldfields,3364,Joyces Creek
2578,Central Goldfields,3371,Caralulup
2579,Central Goldfields,3465,Bung Bong
2580,Central Goldfields,3465,Daisy Hill
2581,Central Goldfields,3465,Timor West
2582,Central Goldfields,3472,Betley
2583,Colac-Otway,3234,Grey River
2584,Colac-Otway,3234,Kennett River
2585,Colac-Otway,3234,Separation Creek
2586,Colac-Otway,3234,Sugarloaf
2587,Colac-Otway,3237,Wyelangta
2588,Colac-Otway,3238,Johanna
2589,Colac-Otway,3239,Chapple Vale
2590,Colac-Otway,3243,Murroon
2591,Colac-Otway,3243,Whoorel
2592,Colac-Otway,3249,Nalangil
2593,Colac-Otway,3249,Tanybryn
2594,Colac-Otway,3249,Wool Wool
2595,Colac-Otway,3251,Cundare
2596,Colac-Otway,3321,Wingeel
2597,Corangamite,3239,Kennedys Creek
2598,Corangamite,3260,Bostocks Creek
2599,Corangamite,3265,Garvoc
2600,Corangamite,3268,Curdies River
2601,Corangamite,3325,Vite Vite
2602,Corangamite,3325,Vite Vite North
2603,East Gippsland,3875,Iguana Creek
2604,East Gippsland,3875,Merrijig
2605,East Gippsland,3875,Woodglen
2606,East Gippsland,3885,W Tree
2607,East Gippsland,3885,Yalmy
2608,East Gippsland,3888,Bonang
2609,East Gippsland,3891,Wingan River
2610,East Gippsland,3895,Doctors Flat
2611,East Gippsland,3898,Glen Valley
2612,East Gippsland,3898,Omeo Valley
2613,Gannawarra,3568,Daltons Bridge
2614,Gannawarra,3568,Mincha West
2615,Gannawarra,3579,Fairley
2616,Gannawarra,3579,Macorna
2617,Glenelg,3303,Hotspur
2618,Glenelg,3304,Lyons
2619,Glenelg,3311,Corndale
2620,Golden Plains,3323,Berrybank
2621,Golden Plains,3351,Illabarook
2622,Golden Plains,3351,Rokewood Junction
2623,Golden Plains,3351,Staffordshire Reef
2624,Golden Plains,3352,Durham Lead
2625,Golden Plains,3352,Garibaldi
2626,Golden Plains,3352,Werneth
2627,Golden Plains,3360,Willowvale
2628,Greater Bendigo,3453,Harcourt North
2629,Greater Bendigo,3516,Leichardt
2630,Greater Bendigo,3551,Mandurang South
2631,Greater Bendigo,3551,Myrtle Creek
2632,Greater Bendigo,3570,Drummartin
2633,Greater Shepparton,3620,Lancaster
2634,Greater Shepparton,3669,Gowangardie
2635,Greater Shepparton,3725,Stewarton
2636,Hepburn,3352,Wattle Flat
2637,Hepburn,3363,Creswick North
2638,Hepburn,3364,Cabbage Tree
2639,Hepburn,3364,Kooroocheang
2640,Hepburn,3364,Smokeytown
2641,Hepburn,3458,Fern Hill
2642,Hepburn,3458,North Blackwood
2643,Hepburn,3461,Bullarto South
2644,Hepburn,3461,Clydesdale
2645,Hepburn,3461,Dry Diggings
2646,Hepburn,3461,Lyonville
2647,Hepburn,3461,Strangways
2648,Horsham,3401,Brimpaen
2649,Horsham,3401,Wonwondah
2650,Horsham,3409,Duchembegarra
2651,Indigo,3685,Carlyle
2652,Indigo,3695,Huon
2653,Latrobe,3824,Narracan
2654,Latrobe,3844,Mount Tassie
2655,Latrobe,3871,Delburn
2656,Loddon,3516,Bridgewater North
2657,Loddon,3517,Bears Lagoon
2658,Loddon,3517,Brenanah
2659,Loddon,3518,Fiery Flat
2660,Loddon,3518,Mysia
2661,Loddon,3518,Skinners Flat
2662,Loddon,3518,Woolshed Flat
2663,Loddon,3525,Buckrabanyule
2664,Loddon,3525,Lake Marmal
2665,Loddon,3525,Wychitella North
2666,Loddon,3537,Barraport
2667,Loddon,3537,Leaghur
2668,Loddon,3570,Kamarooka
2669,Loddon,3572,Prairie
2670,Loddon,3575,Gladfield
2671,Loddon,3575,Sylvaterre
2672,Macedon Ranges,3444,Spring Hill
2673,Manningham,3108,Bulleen
2674,Mansfield,3723,Howes Creek
2675,Mansfield,3723,Mirimbah
2676,Mansfield,3723,Mountain Bay
2677,Mildura,3506,Cowangie
2678,Mildura,3509,Underbool
2679,Mildura,3512,Panitya
2680,Moira,3646,Yabba South
2681,Moorabool,3341,Korobeit
2682,Moorabool,3342,Beremboke
2683,Moorabool,3342,Colbrook
2684,Moorabool,3352,Scotsburn
2685,Moorabool,3461,Spargo Creek
2686,Mount Alexander,3364,Joyces Creek
2687,Mount Alexander,3444,Metcalfe East
2688,Mount Alexander,3462,Sandon
2689,Mount Alexander,3463,Neereman
2690,Mount Alexander,3465,Moolort
2691,Moyne,3264,Terang
2692,Moyne,3265,Kolora
2693,Moyne,3277,Mepunga West
2694,Moyne,3283,Warrong
2695,Moyne,3283,Willatook
2696,Moyne,3283,Yarpturk
2697,Moyne,3285,Tyrendarra East
2698,Moyne,3286,Warrabkook
2699,Murrindindi,3660,Caveat
2700,Murrindindi,3714,Cathkin
2701,Murrindindi,3717,Limestone
2702,Nillumbik,3097,Bend Of Islands
2703,Nillumbik,3757,Kinglake West
2704,Nillumbik,3763,Kinglake
2705,Northern Grampians,3381,Mount Dryden
2706,Northern Grampians,3387,Campbells Bridge
2707,Northern Grampians,3387,Germania
2708,Northern Grampians,3401,Zumsteins
2709,Northern Grampians,3475,Emu
2710,Northern Grampians,3477,Beazleys Bridge
2711,Pyrenees,3351,Mount Emu
2712,Pyrenees,3351,Smythesdale
2713,Pyrenees,3360,Pittong
2714,Pyrenees,3373,Chute
2715,Pyrenees,3373,Stockyard Hill
2716,Pyrenees,3384,Navarre
2717,Pyrenees,3465,Rathscar
2718,Pyrenees,3469,Glenlogie
2719,South Gippsland,3871,Allambee South
2720,South Gippsland,3951,Arawata
2721,South Gippsland,3953,Mount Eccles
2722,South Gippsland,3956,Walkerville North
2723,South Gippsland,3956,Walkerville South
2724,South Gippsland,3960,Mount Best
2725,Southern Grampians,3289,Tabor
2726,Southern Grampians,3294,Woodhouse
2727,Southern Grampians,3301,Buckley Swamp
2728,Southern Grampians,3301,Croxton East
2729,Southern Grampians,3301,Strathkellar
2730,Southern Grampians,3314,Bulart
2731,Southern Grampians,3315,Brit Brit
2732,Southern Grampians,3315,Gringegalgona
2733,Southern Grampians,3315,Melville Forest
2734,Southern Grampians,3315,Muntham
2735,Southern Grampians,3315,Tarrayoukyan
2736,Southern Grampians,3401,Rocklands
2737,Southern Grampians,3407,Pigeon Ponds
2738,Stonnington,3143,Malvern
2739,Strathbogie,3610,Moorilim
2740,Strathbogie,3664,Upton Hill
2741,Strathbogie,3666,Kithbrook
2742,Strathbogie,3666,Ruffy
2743,Strathbogie,3669,Marraweeney
2744,Surf Coast,3231,Big Hill
2745,Surf Coast,3242,Birregurra
2746,Swan Hill,3544,Murnungin
2747,Swan Hill,3549,Happy Valley
2748,Swan Hill,3549,Liparoo
2749,Swan Hill,3549,Wemen
2750,Swan Hill,3585,Fish Point
2751,Swan Hill,3585,Goschen
2752,Swan Hill,3585,Nowie
2753,Swan Hill,3586,Bulga
2754,Towong,3691,Berringama
2755,Towong,3691,Thologolong
2756,Towong,3700,Jarvis Creek
2757,Towong,3704,Koetong
2758,Towong,3707,Biggara
2759,Towong,3707,Towong Upper
2760,Wangaratta,3678,Bowser
2761,Wangaratta,3723,Tolmie
2762,Wellington,3858,Dawson
2763,Wellington,3859,Tinamba West
2764,Wellington,3862,Moornapa
2765,Wellington,3870,Grand Ridge
2766,Wellington,3874,Carrajung South
2767,Wellington,3962,Wonyip
2768,Wellington,3971,Manns Beach
2769,Wellington,3971,Staceys Bridge
2770,West Wimmera,3318,Kadnook
2771,West Wimmera,3318,Langkoop
2772,West Wimmera,3401,Nurcoung
2773,West Wimmera,3409,Douglas
2774,West Wimmera,3418,Lawloit
2775,Wodonga,3691,Staghorn Flat
2776,Yarra Ranges,3723,Matlock
2777,Yarra Ranges,3775,Steels Creek
2778,Yarra Ranges,3779,Cambarville
2779,Yarriambiack,3392,Boolite
2780,Alpine,3737,Abbeyard
2781,Alpine,3737,Dandongadale
2782,Alpine,3737,Mudgegonga
2783,Alpine,3737,Nug Nug
2784,Alpine,3737,Wonnangatta
2785,Ararat,3351,Mininera
2786,Ararat,3375,Middle Creek
2787,Ararat,3377,Mount Cole
2788,Ballarat,3352,Waubra
2789,Banyule,3095,Eltham
2790,Baw Baw,3821,Seaview
2791,Baw Baw,3825,Boola
2792,Baw Baw,3825,Fumina South
2793,Baw Baw,3825,Tanjil
2794,Baw Baw,3833,Toorongo
2795,Benalla,3673,Winton North
2796,Benalla,3675,Boweya
2797,Benalla,3725,Boxwood
2798,Buloke,3478,Dooboobetic
2799,Buloke,3480,Jeffcott
2800,Buloke,3527,Bunguluke
2801,Buloke,3527,Wycheproof South
2802,Buloke,3530,Cokum
2803,Buloke,3531,Boigbeat
2804,Central Goldfields,3371,Stony Creek
2805,Central Goldfields,3472,Eddington
2806,Central Goldfields,3475,Archdale Junction
2807,Colac-Otway,3233,Skenes Creek North
2808,Colac-Otway,3237,Ferguson
2809,Colac-Otway,3237,Weeaproinah
2810,Colac-Otway,3249,Dreeite South
2811,Colac-Otway,3251,Cundare North
2812,Corangamite,3260,Tandarook
2813,Corangamite,3268,Cowleys Creek
2814,Corangamite,3268,Curdievale
2815,Corangamite,3268,Heytesbury Lower
2816,East Gippsland,3888,Bete Bolong North
2817,East Gippsland,3888,Corringle
2818,East Gippsland,3889,Bellbird Creek
2819,East Gippsland,3889,Combienbar
2820,East Gippsland,3890,Noorinbee North
2821,East Gippsland,3890,Tonghi Creek
2822,East Gippsland,3896,Nunniong
2823,Gannawarra,3527,Ninyeunook
2824,Gannawarra,3568,Macorna North
2825,Gannawarra,3579,Bael Bael
2826,Gannawarra,3579,Gonn Crossing
2827,Gannawarra,3579,Westby
2828,Glenelg,3302,Grassdale
2829,Glenelg,3303,Breakaway Creek
2830,Glenelg,3312,Nangeela
2831,Glenelg,3312,Wando Bridge
2832,Glenelg,3312,Warrock
2833,Golden Plains,3333,Bamganie
2834,Greater Geelong,3214,Bell Park
2835,Greater Shepparton,3616,Mooroopna North West
2836,Greater Shepparton,3725,Major Plains
2837,Hepburn,3363,Langdons Hill
2838,Hepburn,3451,Guildford
2839,Loddon,3463,Eastville
2840,Loddon,3516,Yarraberb
2841,Loddon,3537,Yando
2842,Loddon,3551,Arnold
2843,Loddon,3551,Arnold West
2844,Loddon,3570,Auchmore
2845,Macedon Ranges,3444,Pastoria
2846,Mildura,3490,Mittyack
2847,Mildura,3490,Torrita
2848,Mildura,3490,Tutye
2849,Mildura,3496,Neds Corner
2850,Mitchell,3444,Glenhope
2851,Moira,3727,Pelluebla
2852,Moira,3730,Bathumi
2853,Moira,3730,Burramine South
2854,Moonee Valley,3042,Keilor East
2855,Moorabool,3461,Bullarto South
2856,Mount Alexander,3364,Strathlea
2857,Mount Alexander,3444,Greenhill
2858,Mount Alexander,3446,Malmsbury
2859,Mount Alexander,3451,Tarilta
2860,Mount Alexander,3463,Eddington
2861,Moyne,3265,Ecklin South
2862,Moyne,3268,Curdievale
2863,Moyne,3278,Purnim West
2864,Moyne,3280,Dennington
2865,Moyne,3280,Warrnambool
2866,Moyne,3283,Southern Cross
2867,Moyne,3379,Chatsworth
2868,Northern Grampians,3381,Pomonal
2869,Northern Grampians,3384,Landsborough West
2870,Northern Grampians,3385,Roses Gap
2871,Northern Grampians,3477,Gre Gre
2872,Northern Grampians,3477,Traynors Lagoon
2873,Northern Grampians,3480,Rich Avon East
2874,Pyrenees,3352,Brewster
2875,Pyrenees,3371,Evansford
2876,Queenscliffe,3225,Swan Bay
2877,Southern Grampians,3289,Gazette
2878,Southern Grampians,3294,Mirranatwa
2879,Southern Grampians,3301,Morgiana
2880,Southern Grampians,3315,Coojar
2881,Southern Grampians,3315,Hilgay
2882,Southern Grampians,3317,Harrow
2883,Southern Grampians,3407,Englefield
2884,Southern Grampians,3407,Gatum
2885,Strathbogie,3608,Wirrate
2886,Strathbogie,3666,Kelvin View
2887,Strathbogie,3666,Riggs Creek
2888,Surf Coast,3235,Benwerrin
2889,Surf Coast,3321,Inverleigh
2890,Swan Hill,3546,Gerahmin
2891,Swan Hill,3585,Chillingollah
2892,Swan Hill,3585,Nyrraby
2893,Swan Hill,3585,Swan Hill West
2894,Swan Hill,3597,Narrung
2895,Towong,3701,Tallandoon
2896,Towong,3709,Burrowye
2897,Wangaratta,3678,Londrigan
2898,Wangaratta,3678,Oxley Flats
2899,Warrnambool,3282,Illowa
2900,Wellington,3844,Blackwarry
2901,Wellington,3844,Carrajung South
2902,Wellington,3851,Flamingo Beach
2903,Wellington,3860,Moroka
2904,Wellington,3862,Hawkhurst
2905,Wellington,3862,Miowera
2906,Wellington,3880,Ocean Grange
2907,West Wimmera,3318,Patyah
2908,West Wimmera,3401,Karnak
2909,West Wimmera,3409,Miga Lake
2910,West Wimmera,3413,Minimay
2911,West Wimmera,3413,Neuarpurr
2912,West Wimmera,3413,Ozenkadnook
2913,West Wimmera,3415,Miram
2914,Yarra Ranges,3154,Sassafras
2915,Yarra Ranges,3777,Mount Toolebewong
2916,Yarra Ranges,3799,Big Pats Creek
2917,Alpine,3737,Rosewhite
2918,Alpine,3737,Selwyn
2919,Ararat,3377,Eversley
2920,Ballarat,3363,Glendaruel
2921,Bass Coast,3925,Churchill Island
2922,Baw Baw,3822,Gainsborough
2923,Baw Baw,3833,Ada
2924,Benalla,3726,Bungeet
2925,Buloke,3480,Corack
2926,Buloke,3480,Lawler
2927,Buloke,3483,Marlbed
2928,Buloke,3483,Whirily
2929,Buloke,3485,Watchupga
2930,Buloke,3488,Turriff East
2931,Buloke,3525,Barrakee
2932,Buloke,3527,Teddywaddy
2933,Buloke,3527,Towaninny South
2934,Central Goldfields,3465,Adelaide Lead
2935,Colac-Otway,3236,Mount Sabine
2936,Corangamite,3260,Koallah
2937,Corangamite,3260,Skibo
2938,Corangamite,3268,Ayrford
2939,Corangamite,3268,Newfield
2940,East Gippsland,3875,Waterholes
2941,East Gippsland,3889,Manorina
2942,East Gippsland,3891,Wallagaraugh
2943,East Gippsland,3893,Timbarra
2944,East Gippsland,3895,Reedy Flat
2945,East Gippsland,3898,Anglers Rest
2946,East Gippsland,3898,Bingo Munjie
2947,East Gippsland,3898,Cassilis
2948,East Gippsland,3900,Cobberas
2949,Gannawarra,3579,Beauchamp
2950,Glenelg,3301,Tahara
2951,Glenelg,3303,Lake Condah
2952,Greater Bendigo,3551,Lake Eppalock
2953,Greater Shepparton,3634,Marungi
2954,Greater Shepparton,3646,Mount Major
2955,Hepburn,3364,Lawrence
2956,Hepburn,3461,Elevated Plains
2957,Hume,3049,Broadmeadows
2958,Latrobe,3871,Mirboo
2959,Loddon,3475,Cochranes Creek
2960,Loddon,3475,Emu
2961,Loddon,3518,Berrimal
2962,Loddon,3518,Fernihurst
2963,Loddon,3551,Painswick
2964,Loddon,3571,Tandarra
2965,Loddon,3575,Loddon Vale
2966,Macedon Ranges,3444,Greenhill
2967,Moira,3639,Picola West
2968,Moira,3641,Mywee
2969,Moira,3675,Boweya North
2970,Moira,3727,Yundool
2971,Mount Alexander,3450,Moonlight Flat
2972,Mount Alexander,3461,Yandoit Hills
2973,Moyne,3276,Minjah
2974,Moyne,3285,St Helens
2975,Moyne,3293,Nareeb
2976,Murrindindi,3715,Merton
2977,Northern Grampians,3384,Joel South
2978,Northern Grampians,3465,Natte Yallock
2979,Northern Grampians,3477,Marnoo East
2980,Northern Grampians,3477,Sutherland
2981,Pyrenees,3375,Buangor
2982,Pyrenees,3384,Frenchmans
2983,Pyrenees,3468,Mount Lonarch
2984,Pyrenees,3469,Glenlofty
2985,Pyrenees,3478,Tanwood
2986,Queenscliffe,3225,Swan Island
2987,South Gippsland,3871,Dollar
2988,South Gippsland,3953,Boorool
2989,South Gippsland,3984,Lang Lang
2990,Southern Grampians,3294,Victoria Point
2991,Southern Grampians,3312,Wando Vale
2992,Southern Grampians,3315,Culla
2993,Swan Hill,3544,Gowanford
2994,Swan Hill,3546,Bolton
2995,Towong,3709,Mount Alfred
2996,Wellington,3858,Buragwonduc
2997,Wellington,3858,Howitt Plains
2998,Wellington,3860,Woolenook
2999,Wellington,3862,Cowa
3000,Wellington,3971,Hunterston
3001,West Wimmera,3312,Poolaijelo
3002,West Wimmera,3318,Charam
3003,West Wimmera,3409,Wombelano
3004,West Wimmera,3413,Peronne
3005,Yarra,3065,Fitzroy North
3006,Yarriambiack,3393,Aubrey
3007,Ararat,3377,Rocky Point
3008,Ararat,3379,Bornes Hill
3009,Baw Baw,3825,Amor
3010,Baw Baw,3833,Tanjil Bren
3011,Benalla,3675,Glenrowan
3012,Buloke,3480,Carron
3013,Buloke,3482,Morton Plains
3014,Buloke,3483,Karyrie
3015,Buloke,3518,Nine Mile
3016,Buloke,3527,Glenloth
3017,Buloke,3527,Teddywaddy West
3018,Buloke,3530,Sutton
3019,Buloke,3533,Nyarrin
3020,Corangamite,3239,Chapple Vale
3021,East Gippsland,3701,Mitta Mitta
3022,East Gippsland,3885,Murrindal
3023,East Gippsland,3890,Buldah
3024,East Gippsland,3891,Gipsy Point
3025,East Gippsland,3893,Tambo Crossing
3026,Gannawarra,3579,Budgerum East
3027,Hepburn,3364,Werona
3028,Latrobe,3971,Balook
3029,Loddon,3579,Meering West
3030,Mansfield,3723,Enochs Point
3031,Mansfield,3723,Matlock
3032,Mildura,3512,Carina
3033,Mount Alexander,3463,Baringhup West
3034,Moyne,3268,Ayrford
3035,Moyne,3268,The Cove
3036,Moyne,3271,Pura Pura
3037,Northern Grampians,3384,Tulkara
3038,Northern Grampians,3384,Wattle Creek
3039,Northern Grampians,3387,Callawadda
3040,Northern Grampians,3387,Morrl Morrl
3041,Northern Grampians,3387,Wallaloo East
3042,Northern Grampians,3475,Archdale
3043,Northern Grampians,3477,Moolerr
3044,Pyrenees,3373,Cross Roads
3045,Pyrenees,3469,Nowhere Creek
3046,South Gippsland,3960,Gunyah
3047,Southern Grampians,3301,Tahara
3048,Southern Grampians,3312,Carapook
3049,Southern Grampians,3315,Gritjurk
3050,Strathbogie,3669,Creek Junction
3051,Swan Hill,3546,Cocamba
3052,Swan Hill,3585,Kunat
3053,Swan Hill,3585,Meatian
3054,Towong,3709,Pine Mountain
3055,Warrnambool,3283,Yangery
3056,Wellington,3858,Glenfalloch
3057,Wellington,3858,Licola North
3058,Wellington,3860,Koorool
3059,Wellington,3862,Wongungarra
3060,Wellington,3971,Calrossie
3061,West Wimmera,3490,Big Desert
3062,Yarriambiack,3395,Rosebery
3063,Yarriambiack,3424,Rainbow
3064,Alpine,3741,Hotham Heights
3065,Ararat,3272,Woorndoo
3066,Benalla,3669,Creek Junction
3067,Buloke,3480,Cope Cope
3068,Buloke,3480,Laen East
3069,Buloke,3483,Curyo
3070,Central Goldfields,3364,Strathlea
3071,Central Goldfields,3475,Archdale
3072,Corangamite,3265,Taroon
3073,Gannawarra,3542,Tittybong
3074,Gannawarra,3579,Appin
3075,Gannawarra,3579,Meering West
3076,Glenelg,3310,Tahara West
3077,Glenelg,3312,Carapook
3078,Golden Plains,3321,Wingeel
3079,Golden Plains,3322,Cressy
3080,Hepburn,3444,Tylden
3081,Loddon,3518,Fentons Creek
3082,Loddon,3518,Nine Mile
3083,Loddon,3518,Woosang
3084,Mildura,3496,Lindsay Point
3085,Monash,3166,Chadstone
3086,Moyne,3351,Nerrin Nerrin
3087,Northern Grampians,3381,Bellfield
3088,Northern Grampians,3387,Wallaloo
3089,Northern Grampians,3477,Coonooer Bridge
3090,Pyrenees,3373,Nerring
3091,South Gippsland,3996,Inverloch
3092,Southern Grampians,3401,Cherrypool
3093,Surf Coast,3235,Pennyroyal
3094,Swan Hill,3546,Turoar
3095,Wangaratta,3678,Cheshunt South
3096,Wangaratta,3735,Whorouly South
3097,Wellington,3858,Tamboritha
3098,West Wimmera,3409,Mitre
3099,Yarriambiack,3393,Willenabrina
3100,Alpine,3699,Falls Creek
3101,Ararat,3378,Yalla-Y-Poora
3102,Bass Coast,3951,Outtrim
3103,Baw Baw,3825,Aberfeldy
3104,Baw Baw,3825,Jericho
3105,Brimbank,3020,St Albans
3106,Buloke,3525,Yeungroon
3107,Buloke,3527,Thalia
3108,Corangamite,3266,Elingamite
3109,East Gippsland,3880,Ocean Grange
3110,Hepburn,3371,Evansford
3111,Horsham,3401,Telangatuk East
3112,Loddon,3518,Kurraca West
3113,Mansfield,3723,Delatite
3114,Mildura,3509,Linga
3115,Mount Alexander,3463,Bradford
3116,Mount Alexander,3464,Carisbrook
3117,Moyne,3303,Breakaway Creek
3118,Northern Grampians,3385,Lubeck
3119,Northern Grampians,3387,Marnoo West
3120,South Gippsland,3871,Allambee Reserve
3121,Towong,3695,Huon
3122,Towong,3701,Old Tallangatta
3123,Towong,3707,Tom Groggin
3124,Ararat,3379,Chatsworth
3125,Buloke,3482,Massey
3126,Buloke,3483,Jil Jil
3127,Buloke,3529,Kalpienung
3128,East Gippsland,3875,Fairy Dell
3129,East Gippsland,3888,Nurran
3130,East Gippsland,3898,Hinnomunjie
3131,Hindmarsh,3418,Lorquon
3132,Loddon,3537,Barraport West
3133,Mildura,3490,Murray-sunset
3134,Northern Grampians,3477,Dalyenong
3135,South Gippsland,3960,Boolarong
3136,Southern Grampians,3294,Karabeal
3137,Strathbogie,3666,Moglonemby
3138,Towong,3691,Bungil
3139,Ararat,3293,Glenthompson
3140,Ararat,3379,Stavely
3141,Benalla,3725,Major Plains
3142,East Gippsland,3701,Dartmouth
3143,Glenelg,3312,Brimboal
3144,Loddon,3518,Richmond Plains
3145,Mitchell,3717,Flowerdale
3146,Moyne,3303,Wallacedale
3147,Northern Grampians,3377,Crowlands
3148,Northern Grampians,3477,Swanwater
3149,Pyrenees,3371,Lillicur
3150,Southern Grampians,3301,Mount Napier
3151,Buloke,3482,Watchem West
3152,Glenelg,3315,Muntham
3153,Northern Grampians,3477,Gowar East
3154,Pyrenees,3373,Lake Wongan
3155,Southern Grampians,3315,Tarrenlea
3156,Surf Coast,3241,Ombersley
3157,Swan Hill,3544,Chinangin
